0.1	0.015928496863873317	0.022811813141644693	0.026067787899223274
0.2	0.01592179847846969	0.022788101293669646	0.026031970327644965
0.30000000000000004	0.01591063852698738	0.022748672095928804	0.025972454282034124
0.4	0.01589502307791984	0.022693660622051547	0.02588950770756498
0.5	0.015874960690974018	0.02262325448641843	0.025783501931421846
0.6000000000000001	0.01585046247949749	0.022537692380179546	0.02565490794664376
0.7000000000000001	0.01582154218878344	0.022437262223715584	0.025504291745958422
0.8	0.01578821628882926	0.02232229896057105	0.025332308785312684
0.9	0.015750504079856457	0.022193182022363662	0.025139697670151777
1.	0.0157084278086593	0.022050332498046672	0.0249272731684799
1.1	0.015662012793640687	0.021894210044106088	0.02469591866313752
1.2000000000000002	0.01561128755621939	0.021725309574765195	0.02444657816142966
1.3	0.015556283956155813	0.02154415777301685	0.02418024798319983
1.4000000000000001	0.015497037328245204	0.02135130946430105	0.02389796824871619
1.5	0.015433586617769437	0.0211473438949024	0.02360081428545128
1.6	0.015365974512081292	0.020932860956687165	0.023289888068195475
1.7000000000000002	0.015294247565718256	0.020708477398676754	0.022966309800207065
1.8	0.015218456316505662	0.020474823064222228	0.022631209734573752
1.9000000000000001	0.015138655390209314	0.0202325371902708	0.022285720324977738
2.	0.015054903591433981	0.019982264802479322	0.021930968783972417
2.1	0.014967263978632987	0.019724653236813536	0.021568070115049152
2.2	0.01487580392129262	0.01946034881486317	0.02119812067254502
2.3000000000000003	0.01478059513757935	0.01918999369648746	0.020822192291142648
2.4	0.014681713710983856	0.018914222929669267	0.020441327014640034
2.5	0.014579240084759434	0.01863366171367861	0.020056532442082133
2.6	0.014473259033228731	0.018348922887903494	0.01966877769846879
2.7	0.014363859609317796	0.01806060465506441	0.019278990027262872
2.8000000000000003	0.014251135067965024	0.017769288544047777	0.018888051992952053
2.9000000000000004	0.014135182765341	0.017475537614323466	0.01849679927405975
3.	0.014016104034098305	0.01717989490089129	0.01810601902030468
3.1	0.013894004035144923	0.01688288209596339	0.0177164487420907
3.2	0.013768991586696484	0.0165849984611544	0.01732877569614932
3.3000000000000003	0.013641178971608239	0.01628671996183209	0.01694363672791246
3.4000000000000004	0.013510681724214275	0.0159884986134832	0.016561618528994657
3.5	0.013377618398106358	0.015690762028469224	0.016183258266927406
3.6	0.013242110316466457	0.01539391315037751	0.01580904454391781
3.7	0.013104281306722122	0.015098330162297377	0.015439418641792444
3.8000000000000003	0.012964257421424938	0.014804366554756565	0.015074776011332326
3.9000000000000004	0.012822166647353361	0.014512351338710292	0.014715467965791804
4.	0.012678138604917453	0.014222589388867928	0.014361803540424404
4.1	0.012532304239990888	0.01393536190273947	0.014014051482208736
4.199999999999999	0.012384795510317648	0.01365092696106251	0.013672442336587145
4.3	0.012235745068637251	0.013369520175702596	0.013337170600814031
4.3999999999999995	0.012085285944644943	0.013091355411681034	0.013008396916385858
4.5	0.011933551227853296	0.012816625570648837	0.012686250275924864
4.6	0.011780673753351196	0.012545503423871118	0.012370830222758878
4.699999999999999	0.011626785792367754	0.012278142483591497	0.012062209024234051
4.8	0.01147201874944252	0.01201467790248942	0.01176043380247777
4.8999999999999995	0.011316502867885164	0.011755227391810825	0.011465528608868767
5.	0.011160366945076305	0.01149989214962498	0.011177496430846815
5.1	0.011003738059021089	0.011248757791526695	0.010896321121892398
5.199999999999999	0.010846741307419853	0.011001895276951064	0.010621969247517949
5.3	0.010689499560368167	0.010759361825088527	0.010354391841933224
5.3999999999999995	0.010532133227643736	0.010521201815173086	0.010093526071678285
5.5	0.010374760041382516	0.010287447666661096	0.00983929680396302
5.6	0.01021749485479177	0.010058120695516284	0.00959161807871778
5.699999999999999	0.010060449457397386	0.009833231943467927	0.009350394484455965
5.8	0.009903732407175297	0.009612782977708506	0.009115522438984745
5.8999999999999995	0.009747448879776407	0.009396766659046919	0.008886891376787592
6.	0.009591700534920344	0.00918516787703163	0.008664384845552979
6.1	0.009436585399907436	0.008977964251006923	0.0084478815148504
6.199999999999999	0.00928219777008103	0.008775126796465442	0.008237256100369404
6.3	0.00912862812596436	0.008576620556414246	0.008032380207452509
6.3999999999999995	0.008975963066698121	0.00838240519778129	0.00783312309787944
6.5	0.008824285259316595	0.00819243557315762	0.007639352384009726
6.6	0.008673673403322478	0.00800666224840043	0.0074509346544733655
6.699999999999999	0.008524202209952503	0.007825031996816039	0.007267736035624636
6.8	0.008375942395468303	0.00764748826080324	0.007089622692951192
6.8999999999999995	0.008228960687758805	0.007473971581968844	0.006916461276567139
7.	0.008083319845501776	0.007304420000831741	0.006748119314822279
7.1	0.007939078689102508	0.007138769427312077	0.00658446555993655
7.199999999999999	0.007796292142606441	0.006976953983261006	0.00642537028942466
7.3	0.0076550112857691815	0.006818906318325951	0.0062707055669158854
7.3999999999999995	0.007515283415461789	0.006664557900469924	0.006120345465803026
7.5	0.007377152115589835	0.0065138392824715795	0.005974166258975224
7.6	0.007240657334712003	0.00636668034572927	0.005832046577706377
7.699999999999999	0.007105835470556642	0.006223010522678092	0.005693867542585997
7.8	0.006972719460652107	0.006082758999105631	0.005559512869195216
7.8999999999999995	0.006841338878308593	0.00594585489762176	0.005428868951049177
8.	0.006711720033214669	0.005812227443501451	0.005301824922149745
8.1	0.006583886075940407	0.005681806114078507	0.005178272701320597
8.2	0.006457857105670108	0.005554520772823287	0.005058107020331065
8.299999999999999	0.006333650280521007	0.005430301789190296	0.004941225437656725
8.4	0.006211279929839111	0.005309080145272122	0.00482752833957367
8.5	0.006090757667899341	0.005190787530246062	0.004716918930140396
8.6	0.005972092508473819	0.00507535642354883	0.004609303211486203
8.7	0.005855290979769176	0.00496272016766408	0.004504589955698151
8.799999999999999	0.005740357239270897	0.004852813031357268	0.0044026906694798985
8.9	0.005627293188069263	0.004745570264142737	0.004303519552644719
9.	0.005516098584277948	0.004640928142720017	0.004206993451402176
9.1	0.0054067711551914754	0.0045388240100691455	0.004113031807302117
9.2	0.005299306707862355	0.004439196307849815	0.004021556602611407
9.299999999999999	0.00519369923781192	0.004341984602705507	0.0039324923028173355
9.4	0.0050899410356209426	0.0042471296070321456	0.003845765796876677
9.5	0.00498802279117667	0.0041545731947310585	0.003761306335760718
9.6	0.004887933695382096	0.004064258412428199	0.003679045469783678
9.7	0.004789661539160857	0.003976129486605771	0.003598916985144609
9.799999999999999	0.004693192809617132	0.003890131827058506	0.003520856840060604
9.9	0.004598512783234382	0.0038062120270549436	0.0034448031008217413
10.	0.00450560561601948	0.003724317860553986	0.0033706958780551567
10.1	0.004414454430520018	0.003644398276798882	0.00329847726344683
10.2	0.004325041399662164	0.0035664033925843857	0.003228091267134611
10.299999999999999	0.0042373478273744795	0.0034902844824681984	0.0031594837559544816
10.4	0.00415135422597962	0.003415993967174842	0.003092602392693763
10.5	0.00406704039035099	0.0033434854004187305	0.0030273965764797237
10.6	0.003984385468844915	0.00327271345435326	0.002963817384409314
10.7	0.0039033680310313996	0.0032036339038344387	0.0029018175145058243
10.799999999999999	0.0038239661322573785	0.0031362036096703764	0.002841351230070255
10.9	0.0037461573750862485	0.0030703805010122145	0.0027823743054794904
11.	0.0036699189676661186	0.0030061235570275485	0.002724843973469471
11.1	0.0035952277790866948	0.002943392787983886	0.002668718873929287
11.2	0.003522060391790886	0.0028821492158568	0.0026139590042210943
11.299999999999999	0.0034503931511144174	0.002822354854568096	0.002560525671032886
11.4	0.0033802022120284114	0.002763972689945145	0.002508381443760471
11.5	0.00331146358316691	0.0027069666594867715	0.002457490109410779
11.6	0.0032441531682225115	0.002651301632009954	0.0024078166290110226
11.7	0.003178246804796365	0.002596943387244326	0.002359327095503753
11.799999999999999	0.0031137203007904966	0.0025438585954340575	0.0023119886931035455
11.9	0.00305054946843159	0.002492014796999881	0.002265769658087474
12.	0.002988710156016148	0.002441380382308042	0.0022206392409887124
12.1	0.0029281782774670624	0.0023919245715872447	0.0021765676701601534
12.2	0.0028689298397915506	0.0023436173950297135	0.002133526116673221
12.299999999999999	0.002810940968529775	0.0022964296731078377	0.0020914866605155494
12.4	0.002754187931282558	0.0022503329971336698	0.0020504222580501907
12.5	0.0026986471594054777	0.002205299710084845	0.002010306710698386
12.6	0.0026442952679550965	0.0021613028877169784	0.0019711146348074336
12.7	0.002591109073971477	0.0021183163199795852	0.0019328214326651183
12.799999999999999	0.0025390656131792535	0.0020763144927497487	0.001895403264622204
12.9	0.002488142155187504	0.0020352725698952446	0.001858837022284722
13.	0.0024383162172665553	0.0019951663756766166	0.001823100302738253
13.1	0.0023895655767775413	0.001955972377495615	0.001788171383766861
13.2	0.0023418682823282758	0.001917667668995672	0.0017540292000300945
13.299999999999999	0.002295202663726529	0.0018802299535184224	0.0017206533201621294
13.4	0.002249547340799358	0.0018436375279188143	0.0016880239247579823
13.5	0.0022048812311447285	0.0018078692667401679	0.0016561217852126338
13.6	0.002161183556879049	0.0017729046067492663	0.001624928243379754
13.7	0.0021184338504418813	0.00173872353183069	0.0015944251920177782
13.799999999999999	0.0020766119595164918	0.001705306558238618	0.0015645950559919776
13.9	0.0020356980511225136	0.0016726347202036026	0.0015354207742022347
14.	0.0019956726149345273	0.0016406895558911164	0.001506885782207218
14.1	0.0019565164658779644	0.0016094530937080834	0.0014789739955166578
14.2	0.001918210746051398	0.001578907838953091	0.001451669793524438
14.299999999999999	0.0018807369260219874	0.0015490367608055697	0.0014249580040562359
14.4	0.0018440768055385604	0.0015198232796487996	0.0013988238885063895
14.5	0.001808212513704649	0.0014912512547213125	0.0013732531275396599
14.6	0.0017731265086516866	0.0014633049720910478	0.0013482318073345357
14.7	0.001738801576750458	0.0014359691329462955	0.0013237464063455987
14.799999999999999	0.001705220831396909	0.0014092288421973566	0.0012997837825633924
14.9	0.0016723677114065542	0.0013830695973827461	0.0012763311612511781
15.	0.0016402259790497496	0.0013574772778735626	0.0012533761231387044
15.1	0.0016087797177583873	0.0013324381343696617	0.0012309065930540448
15.2	0.0015780133295328065	0.0013079387786811834	0.0012089108289753037
15.299999999999999	0.0015479115320760758	0.0012839661737889794	0.0011873774114847843
15.4	0.001518459355681194	0.0012605076241774705	0.0011662952336089535
15.5	0.001489642139895253	0.0012375507664334916	0.0011456534910282616
15.6	0.0014614455299831381	0.001215083560104704	0.0011254416726415508
15.7	0.0014338554732119758	0.0011930942788112326	0.0011056495514704888
15.799999999999999	0.0014068582149761588	0.0011715715016041778	0.001086267175890039
15.9	0.001380440294781605	0.001150504104564827	0.0010672848611716723
16.	0.0013545885421065965	0.0011298812526383502	0.0010486931813265365
16.1	0.00132929007215549	0.0011096923916959567	0.0010304829612364104
16.200000000000003	0.0013045322815204532	0.0010899272408195087	0.0010126452690607884
16.3	0.0012803028437653624	0.0010705757848027365	0.0009951714089089683
16.400000000000002	0.0012565897049450325	0.0010516282668632797	0.0009780529137664938
16.5	0.001233381079071987	0.001033075181559881	0.0009612815386657833
16.6	0.001210665443542154	0.0010149072679092113	0.0009448492540912363
16.700000000000003	0.00118843153452997	0.0009971155026968447	0.0009287482396095054
16.8	0.0011666683423626832	0.00097969109397712	0.0009129708777160876
16.900000000000002	0.0011453651068827945	0.0009626254747566158	0.0008975097478897107
17.	0.0011245113128069957	0.000945910296856215	0.0008823576208464378
17.1	0.0011040966850892112	0.0009295374249467519	0.000867507452985712
17.200000000000003	0.0010841111842947726	0.0009134989307533892	0.0008529523810209278
17.3	0.0010645450019921775	0.0008977870874240083	0.0008386857167874488
17.400000000000002	0.001045388556168311	0.0008823943640569739	0.0008247009422212764
17.5	0.0010266324866725224	0.0008673134203837861	0.0008109917045018961
17.6	0.0010082676506944362	0.0008525371016022158	0.0007975518113530873
17.700000000000003	0.0009902851182799445	0.0008380584333556468	0.0007843752264957577
17.8	0.0009726761678894046	0.0008238706168544742	0.0007714560652471285
17.900000000000002	0.0009554322820016515	0.0008099670241354853	0.0007587885902608256
18.	0.0009385451427670762	0.0007963411934552813	0.000746367207402673
18.1	0.0009220066277126757	0.0007829868248138993	0.0007341864617571984
18.200000000000003	0.0009058088055016489	0.0007698977756048981	0.0007222410337600865
18.3	0.0008899439317498119	0.0007570680563882627	0.0007105257354519982
18.400000000000002	0.0008744044449008275	0.0007444918267826015	0.0006990355068493725
18.5	0.0008591829621619856	0.0007321633914731916	0.0006877654124280217
18.6	0.0008442722755020168	0.0007200771963325361	0.0006767106377154853
18.700000000000003	0.0008296653477122024	0.0007082278246501735	0.0006658664859882881
18.8	0.0008153553085318406	0.0006966099934685966	0.0006552283750703977
18.900000000000002	0.0008013354508389127	0.0006852185500221968	0.0006447918342293349
19.	0.0007875992269066552	0.0006740484682762762	0.0006345525011665409
19.1	0.0007741402447265142	0.0006630948455632007	0.0006245061190987042
19.200000000000003	0.000760952264397877	0.0006523528993129117	0.0006146485339269441
19.3	0.0007480291945847694	0.0006418179638750372	0.0006049756914908138
19.400000000000002	0.0007353650890396398	0.0006314854874299798	0.0005954836349042456
19.5	0.0007229541431941729	0.000621351028986377	0.000586168501970654
19.6	0.0007107906908169907	0.0006114102554624333	0.0005770265226745097
19.700000000000003	0.000698869200738054	0.000601658938848737	0.0005680540167468687
19.8	0.0006871842736393545	0.0005920929534501358	0.0005592473913023243
19.900000000000002	0.0006757306389115552	0.00058270827320444	0.0005506031385450619
20.	0.0006645031515760428	0.000573500969075693	0.0005421178335417099
20.1	0.0006534967892718638	0.0005644672065198663	0.0005337881320587957
20.200000000000003	0.0006427066493069302	0.0005556032430208993	0.0005256107684627129
20.3	0.0006321279457727987	0.0005469054256950169	0.0005175825536801439
20.400000000000002	0.0006217560067223097	0.0005383701889613692	0.0005097003732169882
20.5	0.0006115862714093541	0.0005299940522770978	0.0005019611852339367
20.6	0.0006016142875899071	0.0005217736179349286	0.0004943620186768378
20.700000000000003	0.0005918357088835316	0.0005137055689215145	0.00048689997146013955
20.8	0.0005822462921944739	0.000505786666834776	0.0004795722087017138
20.900000000000002	0.0005728418951914477	0.0004980137498585248	0.0004723759610074348
21.	0.0005636184738452025	0.0004903837307927384	0.00046530852280395735
21.1	0.000554572080022935	0.0004828935951378726	0.00045836725071818064
21.200000000000003	0.0005456988591385941	0.0004755403992316643	0.0004515495620019429
21.3	0.0005369950478581149	0.00046832126843691165	0.0004448529330005457
21.400000000000002	0.0005284569718586258	0.00046123339537878496	0.00043827489766376114
21.5	0.0005200810436406074	0.00045427403823021083	0.00043181304609799464
21.6	0.0005118637603920729	0.00044744051904399947	0.00042546502315836946
21.700000000000003	0.0005038017019037433	0.00044073022213034425	0.0004192285270794992
21.8	0.0004958915285342444	0.00043414059247840744	0.00041310130814377696
21.900000000000002	0.00048812997922433146	0.00042766913422072756	0.0004070811673860445
22.	0.0004805138695591635	0.0004213134091392326	0.0004011659553335503
22.1	0.00047304008987764464	0.000415071035211671	0.0003953535707801328
22.200000000000003	0.00046570560342784975	0.00040893968519730106	0.0003896419595936069
22.3	0.0004585074445675773	0.00040291708526073535	0.0003840291135553643
22.400000000000002	0.00045144271700905676	0.00039700101363284205	0.0003785130692312319
22.5	0.00044450859210685967	0.00039118929930765484	0.00037309190687266066
22.6	0.00043770230718808843	0.0003854798207742835	0.000367763749347362
22.700000000000003	0.0004310211639238809	0.0003798705047828093	0.0003625267610985118
22.8	0.0004244625267413305	0.0003743593251432199	0.0003573791471316955
22.900000000000002	0.0004180238212749069	0.00036894430155644785	0.00035231915202878455
23.	0.0004117025328564744	0.0003636234984765978	0.0003473450589879565
23.1	0.00040549620504303294	0.00035839502400349636	0.00034245518888911125
23.200000000000003	0.00039940243818129966	0.00035325702880469577	0.0003376478993839365
23.3	0.00039341888800827827	0.0003482077050661108	0.00033292158400992334
23.400000000000002	0.0003875432642869758	0.00034324528547048704	0.00032827467132764265
23.5	0.0003817733294764252	0.0003383680422029069	0.00032370562408061177
23.6	0.00037610689743520907	0.00033357428598258793	0.00031921293837711335
23.700000000000003	0.00037054183215768705	0.0003288623651202395	0.0003147951428933432
23.8	0.00036507604654210604	0.0003242306646002311	0.00031045079809726545
23.900000000000002	0.0003597075011898856	0.00031967760518693955	0.0003061784954926231
24.	0.00035443420323525164	0.00031520164255453533	0.00030197685688249836
24.1	0.00034925420520452363	0.0003108012664396002	0.00029784453365189954
24.200000000000003	0.0003441656039043062	0.000306474999815919	0.0002937802060688293
24.3	0.0003391665393378812	0.00030222139809084054	0.00028978258260332137
24.400000000000002	0.00033425519364909485	0.00029803904832259836	0.0002858503992639428
24.5	0.00032942979009306634	0.000293926568458025	0.00028198241895127933
24.6	0.00032468859203303474	0.000289882606590076	0.000278177430827927
24.700000000000003	0.00032002990196270444	0.0002859058402346355	0.00027443424970454013
24.8	0.00031545206055344293	0.00028199497562606164	0.0002707517154414904
24.900000000000002	0.00031095344572569457	0.00027814874703094837	0.0002671286923657008
25.	0.00030653247174402344	0.0002743659160796238	0.00026356406870225275
25.1	0.0003021875883351552	0.00027064527111486945	0.0002600567560203432
25.200000000000003	0.00029791727982845893	0.0002669856265574103	0.0002566056886932155
25.3	0.00029372006431829003	0.00026338582228770986	0.00025320982337167597
25.400000000000002	0.00028959449284762546	0.0002598447230436129	0.00024986813847082464
25.5	0.00028553914861246366	0.00025636121783341925	0.00024657963366964803
25.6	0.00028155264618644855	0.00025293421936395903	0.00024334332942312152
25.700000000000003	0.00027763363076519296	0.0002495626634832558	0.00024015826648648368
25.8	0.00027378077742981014	0.0002462455086373946	0.000237023505451358
25.900000000000002	0.00026999279042913907	0.0002429817353411906	0.00023393812629339742
26.	0.000266268402480203	0.00023977034566230508	0.00023090122793115208
26.1	0.00026260637408640836	0.0002366103627184222	0.00022791192779584798
26.200000000000003	0.0002590054928730414	0.00023350083018714994	0.0002249693614117963
26.3	0.000255464572939609	0.00023044081182829602	0.000222072681987144
26.400000000000002	0.00025198245422858073	0.000227429391018178	0.00021922106001468896
26.5	0.0002485580019101238	0.00022446567029566153	0.00021641368288250322
26.6	0.0002451901057823911	0.00022154877091958613	0.00021364975449408911
26.700000000000003	0.00024187767968698133	0.00021867783243729698	0.00021092849489783006
26.8	0.00023861966093916156	0.00021585201226396913	0.0002082491399254834
26.900000000000002	0.0002354150097724723	0.00021307048527243982	0.00020561094083947908
27.	0.0002322627087973457	0.0002103324433932733	0.00020301316398879554
27.1	0.00022916176247336211	0.00020763709522477567	0.00020045509047318395
27.200000000000003	0.00022611119659479522	0.00020498366565269963	0.00019793601581552414
27.3	0.0002231100577890995	0.00020237139547938252	0.00019545524964210162
27.400000000000002	0.00022015741302800355	0.0001997995410620675	0.00019301211537059882
27.5	0.00021725234915087192	0.00019726737396015608	0.00019060594990559566
27.6	0.00021439397240002775	0.00019477418059116785	0.00018823610334139254
27.700000000000003	0.000211581407967714	0.00019231926189516768	0.0001859019386719584
27.8	0.00020881379955439515	0.00018990193300744108	0.00018360283150782548
27.900000000000002	0.0002060903089380993	0.00018752152293919803	0.00018133816979974598
28.	0.00020341011555452068	0.00018517737426610053	0.00017910735356894573
28.1	0.0002007724160875871	0.00018286884282439476	0.0001769097946437912
28.200000000000003	0.00019817642407023655	0.00018059529741446456	0.0001747449164027214
28.3	0.00019562136949512437	0.00017835611951160082	0.00017261215352327167
28.400000000000002	0.00019310649843500534	0.00017615070298379983	0.00017051095173703835
28.5	0.0001906310726725431	0.00017397845381641327	0.00016844076759043672
28.6	0.00018819436933929258	0.00017183878984346123	0.000166401068211097
28.700000000000003	0.0001857956805636269	0.00016973114048544617	0.00016439133107976162
28.8	0.00018343431312736354	0.0001676549464934863	0.00016241104380753852
28.900000000000002	0.00018110958813087786	0.00016560965969961876	0.00016045970391838352
29.	0.00017882084066646979	0.0001635947427730994	0.00015853681863666795
29.1	0.00017656741949977918	0.00016160966898255469	0.00015664190467971513
29.200000000000003	0.00017434868675903197	0.0001596539219638249	0.00015477448805516884
29.3	0.00017216401763192417	0.00015772699549336343	0.000152934103863085
29.400000000000002	0.00017001280006993385	0.00015582839326703672	0.00015112029610261566
29.5	0.000167894434499883	0.0001539576286842007	0.0001493326174831822
29.6	0.0001658083335425424	0.00015211422463689997	0.00014757062924001236
29.700000000000003	0.00016375392173811662	0.0001502977133040771	0.00014583390095394505
29.8	0.00016173063527841994	0.00014850763595065358	0.00014412201037538913
29.900000000000002	0.00015973792174557076	0.0001467435427313581	0.00014243454325233354
30.	0.000157775239857041	0.00014500499249918633	0.00014077109316231053
30.1	0.00015584205921689333	0.00014329155261837078	0.00013913126134821276
30.200000000000003	0.00015393786007304535	0.0001416027987817456	0.00013751465655786776
30.3	0.00015206213308041096	0.00013993831483239975	0.00013592089488728064
30.400000000000002	0.00015021437906976247	0.00013829769258950472	0.00013434959962745077
30.5	0.00014839410882216673	0.0001366805316782122	0.00013280040111467465
30.6	0.00014660084284885778	0.00013508643936352438	0.0001312729365842543
30.700000000000003	0.000144834111176398	0.0001335150303880281	0.00012976685002752026
30.8	0.00014309345313700186	0.00013196592681340543	0.0001282817920520951
30.900000000000002	0.00014137841716387978	0.0001304387578656159	0.00012681741974531187
31.	0.00013968856059148367	0.0001289331597836681	0.0001253733965407166
31.1	0.0001380234494605243	0.00012744877567188564	0.0001239493920875762
31.200000000000003	0.0001363826583276351	0.00012598525535557767	0.0001225450821233176
31.3	0.0001347657700795722	0.00012454225524003657	0.0001211601483488314
31.400000000000002	0.00013317237575182996	0.00012311943817277455	0.00011979427830656558
31.5	0.00013160207435155988	0.00012171647330891959	0.00011844716526134703
31.6	0.00013005447268468694	0.00012033303597969488	0.00011711850808386006
31.700000000000003	0.00012852918518711337	0.0001189688075639025	0.00011580801113672202
31.8	0.0001270258337599063	0.00011762347536233644	0.00011451538416308882
31.900000000000002	0.00012554404760837352	0.00011629673247505847	0.00011324034217773559
32.	0.0001240834630849253	0.00011498827768146162	0.00011198260536054934
32.1	0.00012264372353562277	0.00011369781532304944	0.0001107418989523745
32.2	0.00012122447915033115	0.00011242505518887526	0.00010951795315315988
32.300000000000004	0.0001198253868163749	0.00011116971240356408	0.00010831050302234775
32.4	0.00011844610997561699	0.00010993150731786419	0.0001071192883814544
32.5	0.00011708631848486786	0.00010871016540165797	0.00010594405371878838
32.6	0.00011574568847954647	0.00010750541713937825	0.00010478454809625605
32.7	0.00011442390224051366	0.00010631699792777273	0.00010364052505820853
32.800000000000004	0.00011312064806398902	0.00010514464797595041	0.0001025117425422738
32.9	0.00011183562013448386	0.00010398811220766386	0.0001013979627921345
33.	0.00011056851840067337	0.00010284714016577164	0.0001002989522722037
33.1	0.00010931904845413184	0.00010172148591882494	0.0000992144815841528
33.2	0.00010808692141085909	0.00010061090796972703	0.0000981443253852457
33.300000000000004	0.00010687185379553739	0.00009951516916642345	0.00009708826230844531
33.4	0.00010567356742843748	0.00009843403661456079	0.00009604607488423946
33.5	0.00010449178931492302	0.00009736728159208176	0.00009501754946415659
33.6	0.00010332625153747716	0.00009631467946569749	0.00009400247614592427
33.7	0.00010217669115019561	0.00009527600960919956	0.00009300064870023593
33.800000000000004	0.00010104285007568543	0.00009425105532356698	0.00009201186449908873
33.9	0.0000999244750043061	0.00009323960375882164	0.00009103592444565307
34.	0.00009882131729570057	0.00009224144583759567	0.00009007263290564188
34.1	0.0000977331328825571	0.00009125637618036675	0.00008912179764014217
34.2	0.0000966596821765476	0.0000902841930323226	0.00008818322973987742
34.300000000000004	0.00009560072997639044	0.00008932469819181678	0.00008725674356086562
34.4	0.00009455604537798516	0.00008837769694037795	0.00008634215666144207
34.5	0.00009352540168656777	0.00008744299797423462	0.0000854392897406153
34.6	0.00009250857633084157	0.00008652041333732416	0.00008454796657772719
34.7	0.0000915053507790279	0.00008560975835574341	0.00008366801397338283
34.800000000000004	0.00009051551045679751	0.00008471085157361446	0.00008279926169162626
34.9	0.00008953884466703728	0.00008382351469033232	0.00008194154240333264
35.	0.00008857514651139827	0.00008294757249915319	0.00008109469163078432
35.1	0.00008762421281359461	0.00008208285282710382	0.00008025854769341084
35.2	0.0000866858440444041	0.00008122918647617461	0.00007943295165466205
35.300000000000004	0.00008575984424832993	0.00008038640716576704	0.00007861774726999023
35.4	0.00008484602097188544	0.00007955435147636783	0.00007781278093591452
35.5	0.00008394418519346245	0.00007873285879442094	0.00007701790164014586
35.6	0.00008305415125474497	0.00007792177125836958	0.00007623296091274637
35.7	0.0000821757367936318	0.00007712093370584126	0.00007545781277830036
35.800000000000004	0.00008130876267863202	0.00007633019362195012	0.00007469231370907556
35.9	0.00008045305294469587	0.00007554940108868775	0.0000739363225791487
36.	0.00007960843473045355	0.0000747784087353847	0.00007318970061947978
36.1	0.00007877473821682087	0.00007401707169020997	0.00007245231137390834
36.2	0.00007795179656694255	0.0000732652475326885	0.00007172402065605283
36.300000000000004	0.00007713944586744424	0.00007252279624721559	0.00007100469650709523
36.4	0.00007633752507095739	0.00007178958017754082	0.00007029420915442712
36.5	0.00007554587593989081	0.0000710654639822031	0.00006959243097114276
36.6	0.00007476434299141743	0.00007035031459089339	0.00006889923643635536
36.7	0.00007399277344364904	0.00006964400116172478	0.00006821450209632283
36.800000000000004	0.00007323101716296958	0.00006894639503938863	0.00006753810652636187
36.9	0.00007247892661250415	0.0000682573697141802	0.0000668699302935361
37.	0.00007173635680168891	0.00006757680078186655	0.00006620985592009697
37.1	0.00007100316523692553	0.00006690456590438659	0.00006555776784766529
37.2	0.00007027921187328917	0.00006624054477135917	0.0000649135524021342
37.300000000000004	0.00006956435906726622	0.00006558461906238152	0.00006427709775927917
37.4	0.00006885847153050024	0.000064936672410103	0.00006364829391105868
37.5	0.00006816141628452035	0.000064296590364054	0.00006302703263259165
37.6	0.00006747306261643084	0.00006366426035521504	0.00006241320744979551
37.7	0.0000667932820355379	0.00006303957166130752	0.00006180671360767126
37.800000000000004	0.00006612194823089471	0.0000624224153727926	0.00006120744803922166
37.9	0.0000654589370297419	0.00006181268435956145	0.00006061530933498849
38.	0.00006480412635682183	0.00006121027323829946	0.00006003019771319506
38.1	0.00006415739619455056	0.000060615078340514334	0.00005945201499048201
38.2	0.00006351862854402287	0.00006002699768120792	0.00005888066455322249
38.300000000000004	0.00006288770738683479	0.00005944593092818121	0.00005831605132940484
38.4	0.00006226451864770478	0.00005887177937195838	0.000057758081761070263
38.5	0.00006164895015787285	0.00005830444589631362	0.00005720666377729353
38.6	0.00006104089161926289	0.00005774383494939067	0.000056661706767695975
38.7	0.00006044023456938942	0.00005718985251540052	0.000056123121556477575
38.800000000000004	0.00005984687234699265	0.00005664240608688535	0.000055590820376959244
38.9	0.00005926070005838348	0.000056101404637534475	0.00005506471684662218
39.	0.00005868161454448523	0.00005556675859554325	0.00005454472594263538
39.1	0.000058109514348554974	0.00005503837981750138	0.000054030763977861025
39.2	0.000057544299684568465	0.00005451618156279875	0.000053522748577325744
39.300000000000004	0.00005698587240625463	0.00005400007846853821	0.00005302059865514931
39.4	0.00005643413597676661	0.00005348998652494602	0.000052524234391922105
39.5	0.000055888995438970216	0.00005298582305126423	0.000052033577212518134
39.6	0.000055350357386343084	0.00005248750667212181	0.000051548549764340045
39.7	0.00005481812993446518	0.000051994957294368305	0.00005106907589598156
39.800000000000004	0.000054292222693088804	0.0000515080960843616	0.000050595080636301475
39.9	0.00005377254673877728	0.00005102684544570196	0.00005012649017390048
40.	0.00005325901458809816	0.000050551128997401354	0.00004966323183699172
40.1	0.000052751540171357775	0.00005008087155247776	0.00004920523407365638
40.2	0.000052250038806867465	0.000049615999096967754	0.00004875242643247823
40.300000000000004	0.00005175442717572841	0.00004915643876934721	0.000048304739543546706
40.4	0.00005126462329712148	0.000048702118840348995	0.000047862105099821956
40.5	0.00005078054650409819	0.00004825296869317683	0.000047424455838856365
40.6	0.00005030211741985155	0.000047808918804096296	0.00004699172552486093
40.7	0.00004982925793446563	0.00004736990072340471	0.000046563848931113226
40.800000000000004	0.00004936189118212598	0.000046935847056764185	0.00004614076182269663
40.9	0.00004889994151878854	0.00004650669144689815	0.000045722400939568594
41.	0.00004844333450028762	0.00004608236855563406	0.00004530870397994459
41.1	0.00004799199686088322	0.00004566281404629505	0.000044899609583998206
41.2	0.00004754585649223088	0.0000452479645664257	0.00004449505731786582
41.300000000000004	0.000047104842422768054	0.000044837757730848394	0.000044094987657951654
41.4	0.00004666888479750764	0.00004443213210504262	0.00004369934197552676
41.5	0.00004623791485822971	0.00004403102718884073	0.00004330806252161683
41.6	0.000045811864924062804	0.000043634383400433156	0.000042921092412170924
41.7	0.00004539066837244662	0.00004324214206067711	0.000042538375613507235
41.800000000000004	0.00004497425962046677	0.000042854245377701265	0.000042159856928029106
41.9	0.00004456257410655711	0.00004247063643180373	0.00004178548198020762
42.	0.00004415554827255617	0.00004209125916063163	0.00004141519720282205
42.1	0.000043753119546114814	0.00004171605834464145	0.000041048949823456016
42.2	0.00004335522632344665	0.000041344979592832845	0.000040686687851243476
42.300000000000004	0.00004296180795241182	0.000040977969328748755	0.000040328360063858175
42.4	0.00004257280471592991	0.000040614974776738935	0.00003997391599474357
42.5	0.000042188157815712914	0.00004025594394847934	0.000039623305920576845
42.6	0.00004180780935631204	0.00003990082562974288	0.00003927648084896261
42.7	0.00004143170232947288	0.0000395495693674175	0.000038933392506353355
42.800000000000004	0.00004105978059879032	0.00003920212545676434	0.00003859399332618886
42.9	0.00004069198888465937	0.00003885844492891377	0.00003825823643725407
43.	0.00004032827274951251	0.00003851847953859108	0.0000379260756522473
43.1	0.000039968578583341205	0.00003818218175207094	0.000037597465456557675
43.2	0.00003961285358949303	0.00003784950473535349	0.000037272360997245814
43.300000000000004	0.00003926104577073905	0.00003752040234255773	0.00003695071807222422
43.4	0.00003891310391560737	0.00003719482910452968	0.000036632493119633944
43.5	0.00003856897758497437	0.00003687274021765779	0.00003631764320741238
43.6	0.00003822861709891172	0.00003655409153289513	0.000036006126023049866
43.7	0.00003789197352378165	0.00003623883954498174	0.00003569789986353075
43.800000000000004	0.00003755899865957538	0.000035926941381863414	0.00003539292362545479
43.9	0.000037229645027490356	0.00003561835479430352	0.00003509115679533605
44.	0.000036903865857741106	0.000035313038145683815	0.000034792559440075227
44.1	0.0000365816150776003	0.00003501095040199185	0.00003449709219760361
44.2	0.000036262847299661496	0.000034712051121987546	0.000034204716267692374
44.300000000000004	0.00003594751781032321	0.00003441630044754941	0.000033915393402926605
44.4	0.00003563558255848751	0.000034123659094194835	0.000033629085899839846
44.5	0.00003532699814446978	0.00003383408834177179	0.00003334575659020644
44.6	0.000035021721809113235	0.00003354755002531658	0.00003306536883248707
44.7	0.00003471971142310691	0.00003326400652607731	0.000032787886503426714
44.800000000000004	0.0000344209254765028	0.000032983420762699516	0.00003251327398980203
44.9	0.00003412532306842325	0.00003270575618256595	0.00003224149618031117
45.	0.000033832863896962387	0.00003243097675329521	0.00003197251845761032
45.1	0.00003354350824927157	0.000032159046954389956	0.0000317063066904876
45.2	0.00003325721699182792	0.000031889931769034554	0.0000314428272261754
45.300000000000004	0.00003297395156088079	0.000031623596676037835	0.00003118204688279673
45.4	0.000032693673953074385	0.00003136000764191989	0.00003092393294194459
45.5	0.00003241634671624279	0.00003109913111313992	0.000030668453141391216
45.6	0.00003214193294036947	0.00003084093400845797	0.000030415575667921843
45.7	0.000031870396248716956	0.00003058538371143684	0.000030165269150297427
45.800000000000004	0.0000316017007891137	0.00003033244806307202	0.000029917502652336175
45.9	0.000031335811225400484	0.000030082095354552512	0.000029672245666116183
46.	0.000031072692729032885	0.000029834294320149875	0.00002942946810529621
46.1	0.000030812310970835375	0.000029589014130231515	0.000029189140298552196
46.2	0.00003055463211290318	0.0000293462243843952	0.000028951232983125794
46.300000000000004	0.000030299622800652083	0.000029105895104725383	0.000028715717298485385
46.4	0.000030047250155010105	0.000028867996729165935	0.000028482564780095273
46.5	0.00002979748176474993	0.000028632500105008816	0.000028251747353292683
46.6	0.000029550285678958794	0.000028399376482495783	0.000028023237327268876
46.7	0.000029305630399643553	0.00002816859750853159	0.000027797007389154133
46.800000000000004	0.00002906348487446771	0.000027940135220505894	0.000027573030598203538
46.9	0.000028823818489617745	0.0000277139620402217	0.0000273512803800815
47.	0.000028586601062797567	0.000027490050767929834	0.000027131730521244698
47.1	0.00002835180283634549	0.000027268374576464132	0.000026914355163419098
47.2	0.000028119394470476323	0.000027048907005480595	0.00002669912879817245
47.300000000000004	0.00002788934703664069	0.00002683162195579302	0.0000264860262615776
47.4	0.000027661632011002474	0.000026616493683806496	0.00002627502272896601
47.5	0.00002743622126803222	0.000026403496796046986	0.00002606609370977074
47.6	0.000027213087074212673	0.00002619260624378376	0.000025859215042456282
47.7	0.0000269922020818552	0.000025983797317743643	0.00002565436288953287
47.800000000000004	0.000026773539323025146	0.000025777045642915805	0.000025451513732656022
47.9	0.000026557072203572758	0.00002557232717344389	0.000025250644367806763
48.	0.000026342774497269994	0.000025369618187606394	0.00002505173190055416
48.1	0.000026130620340048415	0.000025168895282880763	0.000024854753741395924
48.2	0.00002592058422433856	0.000024970135371092052	0.000024659687601177767
48.300000000000004	0.00002571264099350713	0.000024773315673642846	0.000024466511486588082
48.4	0.000025506765836391054	0.00002457841371682382	0.00002427520369572881
48.5	0.000025302934281926783	0.000024385407327203743	0.00002408574281375907
48.6	0.000025101122193872465	0.00002419427462709681	0.000023898107708611758
48.7	0.000024901305765620032	0.00002400499403010477	0.000023712277526779897
48.800000000000004	0.000024703461515099067	0.000023817544236736002	0.000023528231689174565
48.9	0.00002450756627976722	0.000023631904230096647	0.00002334594988704948
49.	0.000024313597211685902	0.000023448053271652812	0.000023165412077993696
49.1	0.0000241215317726825	0.00002326597089706545	0.000022986598481990115
49.2	0.00002393134772959423	0.000023085636912093304	0.000022809489577538874
49.300000000000004	0.00002374302314959315	0.00002290703138856371	0.000022634066097843843
49.4	0.00002355653639559176	0.00002273013466041103	0.00002246030902706195
49.5	0.00002337186612172641	0.00002255492731978017	0.000022288199596614174
49.6	0.000023188991268918144	0.000022381390213195108	0.000022117719281556363
49.7	0.000023007891060508136	0.000022209504437789845	0.000021948849797008936
49.800000000000004	0.000022828544997967666	0.000022039251337602013	0.0000217815730946455
49.9	0.000022650932856680915	0.000021870612499927624	0.000021615871359238052
50.	0.00002247503468179837	0.00002170356975173507	0.000021451727005257954
50.1	0.000022300830784160497	0.00002153810515613822	0.000021289122673532315
50.2	0.000022128301736290666	0.000021374201008927885	0.000021128041227955103
50.300000000000004	0.00002195742836845441	0.000021211839835158876	0.000020968465752249752
50.4	0.00002178819176478566	0.000021051004385793695	0.00002081037954678561
50.5	0.000021620573259477217	0.000020891677634400134	0.000020653766125444535
50.6	0.00002145455443303551	0.000020733842773903205	0.000020498609212538285
50.7	0.000021290117108597597	0.00002057748321338951	0.000020344892739775344
50.800000000000004	0.000021127243348309696	0.000020422582574963563	0.000020192600843276536
50.9	0.000020965915449766014	0.000020269124690655003	0.000020041717860637785
51.	0.00002080611594250647	0.000020117093599375525	0.000019892228328040396
51.1	0.00002064782758457233	0.00001996647354392476	0.000019744116977406832
51.2	0.000020491033359119738	0.000019817248968045206	0.00001959736873360217
51.300000000000004	0.000020335716471089276	0.000019669404513524603	0.000019451968711680882
51.4	0.000020181860343928026	0.000019522925017342367	0.000019307902214174453
51.5	0.00002002944861636949	0.000019377795508865616	0.000019165154728425873
51.6	0.000019878465139263242	0.000019234001207086883	0.00001902371192396281
51.7	0.000019728893972458602	0.000019091527517907876	0.000018883559649914937
51.800000000000004	0.000019580719381737796	0.00001895036003146502	0.000018744683932469827
51.9	0.00001943392583580121	0.00001881048451949951	0.00001860707097237069
52.	0.000019288498003299828	0.00001867188693276709	0.000018470707142452048
52.1	0.00001914442074991745	0.000018534553398490355	0.000018335578985214786
52.2	0.000019001679135500878	0.000018398470217851898	0.000018201673210440103
52.300000000000004	0.000018860258411234182	0.000018263623863524572	0.00001806897669283803
52.4	0.000018720144016861415	0.00001813000097724335	0.00001793747646973548
52.5	0.000018581321577954156	0.00001799758836741534	0.00001780715973879987
52.6	0.000018443776903221097	0.000017866373006765288	0.000017678013855796426
52.7	0.000018307495981863394	0.00001773634203002046	0.00001755002633238226
52.800000000000004	0.00001817246498097128	0.000017607482731630422	0.000017423184833934022
52.9	0.000018038670242963583	0.000017479782563523683	0.000017297477177409152
53.	0.000017906098283066657	0.00001735322913289763	0.000017172891329239872
53.1	0.000017774735786836345	0.00001722781020004565	0.000017049415403261094
53.2	0.00001764456960771706	0.000017103513676215552	0.000016927037658668348
53.300000000000004	0.000017515586764641402	0.00001698032762150288	0.000016805746498008905
53.4	0.000017387774439667588	0.00001685824024277651	0.00001668553046520253
53.5	0.000017261119975654672	0.00001673723989163654	0.00001656637824359357
53.6	0.000017135610873974548	0.00001661731506240371	0.000016448278654032393
53.7	0.000017011234792260453	0.000016498454390140057	0.00001633122065298611
53.800000000000004	0.000016887979542191147	0.000016380646648700162	0.000016215193330678736
53.9	0.000016765833087309918	0.000016263880748812196	0.000016100185909259018
54.	0.00001664478354087861	0.000016148145736189117	0.000015986187740997006
54.1	0.0000165248191637648	0.000016033430789668156	0.00001587318830650711
54.2	0.00001640592836236274	0.00001591972521937942	0.000015761177212998972
54.300000000000004	0.000016288099686547046	0.0000158070184649426	0.000015650144192554656
54.4	0.00001617132182765777	0.0000156953000936905	0.000015540079100431412
54.5	0.00001605558361651831	0.000015584559798921053	0.000015430971913391056
54.6	0.00001594087402148313	0.00001547478739817477	0.000015322812728053724
54.7	0.000015827182146516365	0.000015365972831538775	0.000015215591759276759
54.800000000000004	0.000015714497229301097	0.00001525810615997742	0.000015109299338558383
54.9	0.000015602808639376865	0.000015151177563686998	0.000015003925912464557
55.	0.000015492105876306894	0.000015045177340476176	0.000014899462041080234
55.1	0.000015382378567874022	0.000014940095904171214	0.00001479589839648349
55.2	0.000015273616468303327	0.000014835923783044034	0.000014693225761242178
55.300000000000004	0.000015165809456514164	0.000014732651618265918	0.000014591435026933842
55.4	0.000015058947534396865	0.000014630270162382187	0.000014490517192686663
55.5	0.000014953020825118704	0.000014528770277812516	0.000014390463363743438
55.6	0.000014848019571453383	0.000014428142935371218	0.000014291264750045548
55.7	0.000014743934134137624	0.000014328379212811159	0.000014192912664838746
55.800000000000004	0.00001464075499025313	0.000014229470293389624	0.000014095398523299833
55.9	0.00001453847273163264	0.000014131407464454929	0.000013998713841183191
56.	0.000014437078063290179	0.000014034182116053967	0.000013902850233486823
56.1	0.000014336561801876378	0.000013937785739561595	0.000013807799413139547
56.2	0.00001423691487415653	0.000013842209926329589	0.000013713553189706496
56.300000000000004	0.00001413812831551171	0.000013747446366355613	0.000013620103468113524
56.4	0.000014040193268463368	0.000013653486846972602	0.00001352744224739108
56.5	0.00001394310098121961	0.000013560323251556867	0.000013435561619436172
56.6	0.00001384684280624393	0.000013467947558255741	0.00001334445376779219
56.7	0.000013751410198845554	0.000013376351838733992	0.000013254110966447159
56.800000000000004	0.000013656794715790769	0.000013285528256938388	0.000013164525578648988
56.9	0.000013562988013935533	0.000013195469067880844	0.000013075690055738437
57.	0.000013469981848878792	0.00001310616661643954	0.00001298759693599888
57.1	0.000013377768073635252	0.000013017613336176881	0.00001290023884352264
57.2	0.000013286338637329395	0.000012929801748176095	0.000012813608487094425
57.300000000000004	0.000013195685583907473	0.000012842724459893276	0.000012727698659089929
57.4	0.000013105801050870346	0.000012756374164027787	0.000012642502234391433
57.5	0.000013016677268023887	0.000012670743637407763	0.000012558012169318195
57.6	0.000012928306556249228	0.000012585825739893097	0.000012474221500573267
57.7	0.000012840681326290204	0.000012501613413293233	0.000012391123344204339
57.800000000000004	0.000012753794077559853	0.000012418099680301741	0.000012308710894580566
57.9	0.000012667637396963866	0.00001233527764344556	0.000012226977423383461
58.	0.000012582203957741503	0.000012253140484049508	0.000012145916278612415
58.1	0.0000124974865183248	0.000012171681461216887	0.000012065520883604973
58.2	0.000012413477921212465	0.00001209089391082266	0.000011985784736069924
58.300000000000004	0.000012330171091862991	0.000012010771244523746	0.000011906701407136002
58.4	0.000012247559037601804	0.000011931306948781288	0.000011828264540412112
58.5	0.00001216563484654601	0.000011852494583898516	0.00001175046785106288
58.6	0.000012084391686544256	0.000011774327783071743	0.00001167330512489594
58.7	0.000012003822804131544	0.00001169680025145438	0.000011596770217462558
58.800000000000004	0.000011923921523501215	0.000011619905765236203	0.000011520857053171728
58.9	0.000011844681245490138	0.000011543638170733971	0.000011445559624415998
59.	0.00001176609544657932	0.00001146799138349564	0.000011370871990709663
59.1	0.000011688157677909296	0.000011392959387417537	0.000011296788277839858
59.2	0.000011610861564309742	0.000011318536233874017	0.000011223302677028771
59.300000000000004	0.000011534200803342956	0.000011244716040859238	0.00001115040944410833
59.4	0.000011458169164361472	0.000011171492992141388	0.000011078102898706003
59.5	0.000011382760487579266	0.000011098861336428825	0.00001100637742344239
59.6	0.000011307968683156031	0.000011026815386547662	0.000010935227463139728
59.7	0.000011233787730295915	0.00001095534951863219	0.00001086464752404212
59.800000000000004	0.000011160211676357154	0.000010884458171324645	0.000010794632173045701
59.9	0.000011087234635976517	0.000010814135844988236	0.000010725176036940296
60.	0.000011014850790205315	0.000010744377100930202	0.000010656273801661552
60.1	0.000010943054385657988	0.00001067517656063598	0.000010587920211553238
60.2	0.000010871839733672844	0.00001060652890501405	0.00001052011006863981
60.300000000000004	0.000010801201209485356	0.000010538428873651915	0.000010452838231909645
60.4	0.000010731133251412223	0.000010470871264081423	0.00001038609961660722
60.5	0.000010661630360048037	0.000010403850931055328	0.000010319889193536033
60.6	0.000010592687097472844	0.00001033736278583338	0.000010254201988370496
60.7	0.000010524298086471354	0.000010271401795478728	0.000010189033080977905
60.800000000000004	0.000010456458009762736	0.00001020596298216362	0.000010124377604749108
60.9	0.00001038916160924207	0.000010141041422485449	0.000010060230745939083
61.	0.000010322403685231612	0.00001007663224679138	9.996587743015925e-6
61.1	0.00001025617909574352	0.000010012730638513177	9.933443886019258e-6
61.2	0.00001019048275575231	9.949331833510572e-6	9.870794515927129e-6
61.300000000000004	0.000010125309636478435	9.886431119424536e-6	9.80863502403204e-6
61.4	0.000010060654764680515	9.82402383503806e-6	9.746960851324623e-6
61.5	9.996513221958925e-6	9.76210536964712e-6	9.685767487886584e-6
61.6	9.932880144068864e-6	9.700671162440007e-6	9.625050472291938e-6
61.7	9.869750720242249e-6	9.639716701884377e-6	9.564805391015405e-6
61.800000000000004	9.807120192519709e-6	9.579237525123318e-6	9.505027877849936e-6
61.9	9.744983855092421e-6	9.519229217380155e-6	9.445713613331808e-6
62.	9.683337053651616e-6	9.459687411369934e-6	9.386858324172945e-6
62.1	9.622175184748966e-6	9.400607786720714e-6	9.328457782702002e-6
62.2	9.561493695164618e-6	9.341986069401505e-6	9.270507806312046e-6
62.300000000000004	9.50128808128417e-6	9.283818031158165e-6	9.213004256916083e-6
62.4	9.441553888484989e-6	9.226099488957652e-6	9.155943040410122e-6
62.5	9.382286710530015e-6	9.168826304438812e-6	9.09932010614293e-6
62.6	9.32348218897084e-6	9.111994383371497e-6	9.043131446393446e-6
62.7	9.26513601255851e-6	9.055599675122482e-6	8.98737309585503e-6
62.800000000000004	9.207243916662528e-6	8.999638172128687e-6	8.932041131126346e-6
62.9	9.14980168269802e-6	8.944105909377647e-6	8.877131670209532e-6
63.	9.092805137560662e-6	8.888998963894888e-6	8.822640872014787e-6
63.1	9.036250153069459e-6	8.834313454238298e-6	8.768564935871668e-6
63.2	8.980132645416752e-6	8.780045539998861e-6	8.714900101046655e-6
63.300000000000004	8.924448574626533e-6	8.726191421308885e-6	8.661642646267716e-6
63.4	8.86919394401954e-6	8.672747338356197e-6	8.608788889254665e-6
63.5	8.814364799685555e-6	8.619709570904734e-6	8.556335186255686e-6
63.6	8.75995722996361e-6	8.567074437822249e-6	8.504277931590657e-6
63.7	8.705967364928466e-6	8.514838296613534e-6	8.4526135571998e-6
63.800000000000004	8.652391375884685e-6	8.462997542960476e-6	8.40133853219875e-6
63.9	8.59922547486703e-6	8.411548610267672e-6	8.350449362439211e-6
64.	8.546465914148287e-6	8.360487969214762e-6	8.299942590075731e-6
64.1	8.494108985753128e-6	8.30981212731407e-6	8.249814793137991e-6
64.19999999999999	8.442151020978532e-6	8.2595176284741e-6	8.200062585108328e-6
64.3	8.39058838992152e-6	8.209601052569648e-6	8.150682614505704e-6
64.39999999999999	8.339417501012182e-6	8.160059015016516e-6	8.101671564474435e-6
64.5	8.288634800553693e-6	8.110888166352581e-6	8.053026152378373e-6
64.6	8.238236772268305e-6	8.062085191824122e-6	8.004743129400763e-6
64.69999999999999	8.18821993684913e-6	8.013646810977345e-6	7.956819280148866e-6
64.8	8.13858085151846e-6	7.965569777255775e-6	7.909251422264013e-6
64.89999999999999	8.089316109591661e-6	7.91785087760262e-6	7.862036406036784e-6
65.	8.040422340047081e-6	7.870486932068513e-6	7.815171114027e-6
65.1	7.991896207101197e-6	7.823474793423906e-6	7.768652460688746e-6
65.19999999999999	7.94373440979044e-6	7.776811346777542e-6	7.722477392000339e-6
65.3	7.895933681557257e-6	7.73049350919858e-6	7.676642885098869e-6
65.39999999999999	7.848490789842842e-6	7.684518229344821e-6	7.631145947919672e-6
65.5	7.80140253568448e-6	7.63888248709498e-6	7.58598361884038e-6
65.6	7.754665753318919e-6	7.5935832931864394e-6	7.5411529663297175e-6
65.69999999999999	7.70827730979014e-6	7.5486176888568355e-6	7.4966510886004635e-6
65.8	7.662234104562976e-6	7.503982745490995e-6	7.452475113267212e-6
65.89999999999999	7.616533069141698e-6	7.459675564272283e-6	7.408622197008386e-6
66.	7.571171166693449e-6	7.415693275838289e-6	7.365089525232719e-6
66.1	7.5261453916767165e-6	7.372033039941058e-6	7.321874311749824e-6
66.19999999999999	7.48145276947459e-6	7.328692045111591e-6	7.278973798445045e-6
66.3	7.43709035603319e-6	7.285667508329035e-6	7.2363852549585516e-6
66.39999999999999	7.3930552375043545e-6	7.2429566746936456e-6	7.19410597836845e-6
66.5	7.349344529893237e-6	7.200556817104193e-6	7.1521332928780155e-6
66.6	7.30595537871054e-6	7.158465235939525e-6	7.110464549506633e-6
66.69999999999999	7.262884958629223e-6	7.1166792587441616e-6	7.069097125785222e-6
66.8	7.220130473145696e-6	7.075196239917915e-6	7.028028425454891e-6
66.89999999999999	7.177689154245329e-6	7.0340135604093845e-6	6.987255878169791e-6
67.	7.135558262072398e-6	6.993128627413458e-6	6.9467769392037474e-6
67.1	7.093735084604355e-6	6.9525388740727035e-6	6.906589089160333e-6
67.19999999999999	7.052216937330335e-6	6.912241759182581e-6	6.866689833686994e-6
67.3	7.011001162933438e-6	6.8722347669000125e-6	6.827076703192299e-6
67.39999999999999	6.9700851309777865e-6	6.8325154064563225e-6	6.787747252567279e-6
67.5	6.929466237599032e-6	6.7930812118732325e-6	6.748699060909814e-6
67.6	6.889141905199206e-6	6.7539297416827975e-6	6.7099297312528515e-6
67.69999999999999	6.849109582145109e-6	6.715058578650503e-6	6.671436890295614e-6
67.8	6.809366742471207e-6	6.676465329502484e-6	6.63321818813874e-6
67.89999999999999	6.76991088558554e-6	6.638147624655382e-6	6.5952712980220754e-6
68.	6.7307395359800465e-6	6.600103117950257e-6	6.5575939160663795e-6
68.1	6.691850242944736e-6	6.562329486389977e-6	6.520183761018036e-6
68.19999999999999	6.653240580283963e-6	6.5248244298783615e-6	6.483038573996261e-6
68.3	6.614908146038798e-6	6.487585670965068e-6	6.446156118244815e-6
68.39999999999999	6.57685056221103e-6	6.45061095459177e-6	6.40953417888581e-6
68.5	6.539065474491129e-6	6.413898047841947e-6	6.373170562676547e-6
68.6	6.5015505519901735e-6	6.377444739694327e-6	6.337063097769996e-6
68.69999999999999	6.464303486974733e-6	6.341248840778937e-6	6.301209633477884e-6
68.8	6.427321994604846e-6	6.305308183135937e-6	6.265608040036284e-6
68.89999999999999	6.3906038126763915e-6	6.269620619978527e-6	6.230256208375322e-6
69.	6.354146701365191e-6	6.234184025457282e-6	6.195152049890123e-6
69.1	6.317948442975497e-6	6.1989962944285595e-6	6.16029349621583e-6
69.19999999999999	6.2820068416915565e-6	6.164055342225683e-6	6.125678499005096e-6
69.3	6.246319723331487e-6	6.1293591044321384e-6	6.091305029707727e-6
69.39999999999999	6.210884935105342e-6	6.094905536658685e-6	6.057171079353958e-6
69.5	6.1757003453751025e-6	6.060692614322077e-6	6.0232746583394524e-6
69.6	6.14076384341878e-6	6.026718332427647e-6	5.989613796213785e-6
69.69999999999999	6.106073339196537e-6	5.992980705353608e-6	5.9561865414708665e-6
69.8	6.0716267631203534e-6	5.959477766638636e-6	5.922990961342272e-6
69.89999999999999	6.037422065826188e-6	5.926207568771676e-6	5.890025141592958e-6
70.	6.003457217949352e-6	5.893168182984708e-6	5.857287186319583e-6
70.1	5.96973020990212e-6	5.86035769904747e-6	5.824775217751057e-6
70.19999999999999	5.936239051654815e-6	5.827774225065426e-6	5.792487376051805e-6
70.3	5.902981772518899e-6	5.79541588727946e-6	5.76042181912712e-6
70.39999999999999	5.869956420933413e-6	5.7632808298686985e-6	5.728576722431209e-6
70.5	5.837161064253474e-6	5.731367214755126e-6	5.696950278777179e-6
70.6	5.804593788541941e-6	5.699673221411147e-6	5.6655406981498e-6
70.69999999999999	5.772252698362968e-6	5.668197046668782e-6	5.6343462075198e-6
70.8	5.740135916578983e-6	5.636936904532079e-6	5.603365050661385e-6
70.89999999999999	5.708241584149329e-6	5.605891025990938e-6	5.572595487971001e-6
71.	5.676567859931957e-6	5.57505765883778e-6	5.54203579628894e-6
71.1	5.645112920487169e-6	5.544435067486035e-6	5.511684268722632e-6
71.19999999999999	5.613874959884121e-6	5.514021532791177e-6	5.4815392144725284e-6
71.3	5.582852189509394e-6	5.483815351873611e-6	5.451598958659558e-6
71.39999999999999	5.5520428378780824e-6	5.453814837943875e-6	5.421861842155083e-6
71.5	5.521445150447131e-6	5.4240183201298676e-6	5.392326221412558e-6
71.6	5.491057389430995e-6	5.394424143306215e-6	5.362990468301497e-6
71.69999999999999	5.460877833619383e-6	5.365030667925503e-6	5.333852969943124e-6
71.8	5.43090477819759e-6	5.335836269851914e-6	5.304912128548255e-6
71.89999999999999	5.401136534568545e-6	5.306839340196379e-6	5.276166361256874e-6
72.	5.3715714301773605e-6	5.278038285154041e-6	5.247614099979754e-6
72.1	5.34220780833786e-6	5.2494315258435084e-6	5.219253791241957e-6
72.19999999999999	5.3130440280612285e-6	5.221017498148047e-6	5.191083896028062e-6
72.3	5.284078463886736e-6	5.192794652558664e-6	5.163102889629348e-6
72.39999999999999	5.2553095057147395e-6	5.164761454019289e-6	5.135309261492902e-6
72.5	5.22673555864103e-6	5.1369163817731275e-6	5.107701515072029e-6
72.6	5.198355042794167e-6	5.109257929211818e-6	5.0802781676791396e-6
72.69999999999999	5.1701663931737125e-6	5.081784603725338e-6	5.0530377503396e-6
72.8	5.142168059491265e-6	5.054494926554515e-6	5.025978807647942e-6
72.89999999999999	5.1143585060129195e-6	5.027387432644825e-6	4.999099897625401e-6
73.	5.086736211403962e-6	5.000460670502235e-6	4.972399591579359e-6
73.1	5.059299668574669e-6	4.97371320205002e-6	4.94587647396393e-6
73.19999999999999	5.032047384529219e-6	4.9471436024885085e-6	4.919529142243011e-6
73.3	5.004977880215059e-6	4.920750460155138e-6	4.893356206754099e-6
73.39999999999999	4.978089690375469e-6	4.894532376387561e-6	4.867356290574546e-6
73.5	4.951381363401966e-6	4.8684879653864295e-6	4.841528029388151e-6
73.6	4.9248514611905384e-6	4.842615854081863e-6	4.815870071354596e-6
73.69999999999999	4.898498558998739e-6	4.816914682000641e-6	4.7903810769801004e-6
73.8	4.87232124530326e-6	4.791383101133715e-6	4.76505971898834e-6
73.89999999999999	4.846318121661764e-6	4.766019775807852e-6	4.739904682194986e-6
74.	4.8204878025738185e-6	4.740823382556229e-6	4.714914663381736e-6
74.1	4.794828915345124e-6	4.715792609992194e-6	4.690088371173074e-6
74.19999999999999	4.769340099952618e-6	4.6909261586837585e-6	4.665424525913896e-6
74.3	4.744020008911356e-6	4.6662227410297475e-6	4.640921859548609e-6
74.39999999999999	4.718867307142971e-6	4.64168108113738e-6	4.616579115501787e-6
74.5	4.693880671845465e-6	4.617299914701062e-6	4.592395048559899e-6
74.6	4.6690587923651435e-6	4.5930779888832e-6	4.568368424754941e-6
74.69999999999999	4.644400370068992e-6	4.5690140621953175e-6	4.544498021248592e-6
74.8	4.619904118219791e-6	4.5451069043818056e-6	4.520782626218603e-6
74.89999999999999	4.595568761851701e-6	4.521355296304002e-6	4.497221038745779e-6
75.	4.571393037647808e-6	4.497758029826127e-6	4.473812068702604e-6
75.1	4.547375693818937e-6	4.4743139077023625e-6	4.450554536643085e-6
75.19999999999999	4.523515489983934e-6	4.451021743465283e-6	4.4274472736937895e-6
75.3	4.499811197051341e-6	4.427880361315571e-6	4.404489121446205e-6
75.39999999999999	4.476261597102202e-6	4.40488859601275e-6	4.3816789318501515e-6
75.5	4.452865483274782e-6	4.382045292767708e-6	4.359015567108738e-6
75.6	4.42962165965021e-6	4.359349307136057e-6	4.336497899574267e-6
75.69999999999999	4.406528941139222e-6	4.336799504912466e-6	4.314124811645186e-6
75.8	4.383586153370911e-6	4.314394762026909e-6	4.291895195664594e-6
75.89999999999999	4.360792132582067e-6	4.2921339644413905e-6	4.269807953819625e-6
76.	4.338145725508356e-6	4.270016008048408e-6	4.247861998041987e-6
76.1	4.315645789276371e-6	4.248039798570195e-6	4.226056249909815e-6
76.19999999999999	4.293291191296928e-6	4.226204251459095e-6	4.2043896405502915e-6
76.3	4.271080809159796e-6	4.2045082917992805e-6	4.182861110543625e-6
76.39999999999999	4.249013530529851e-6	4.182950854209805e-6	4.161469609828303e-6
76.5	4.227088253043495e-6	4.161530882747807e-6	4.1402140976066784e-6
76.6	4.205303884207271e-6	4.140247330813837e-6	4.119093542252445e-6
76.69999999999999	4.183659341297504e-6	4.119099161058102e-6	4.0981069212188e-6
76.8	4.162153551260183e-6	4.098085345286871e-6	4.077253220947356e-6
76.89999999999999	4.140785450613208e-6	4.077204864371152e-6	4.056531436778683e-6
77.	4.119553985348673e-6	4.056456708155309e-6	4.035940572863192e-6
77.1	4.098458110837416e-6	4.035839875367883e-6	4.01547964207368e-6
77.19999999999999	4.0774967917333495e-6	4.015353373532074e-6	3.995147665918173e-6
77.3	4.056669001880005e-6	3.994996218878384e-6	3.974943674454385e-6
77.39999999999999	4.035973724217355e-6	3.974767436257434e-6	3.954866706204503e-6
77.5	4.01540995069017e-6	3.9546660590542425e-6	3.9349158080715175e-6
77.6	3.994976682157187e-6	3.934691129103239e-6	3.915090035255961e-6
77.69999999999999	3.974672928301366e-6	3.9148416966042714e-6	3.895388451173981e-6
77.8	3.954497707541227e-6	3.895116820039634e-6	3.875810127376101e-6
77.89999999999999	3.934450046942915e-6	3.875515566091733e-6	3.856354143466799e-6
78.	3.914528982133684e-6	3.856037009562102e-6	3.837019587025305e-6
78.1	3.894733557215877e-6	3.8366802332908345e-6	3.817805553526824e-6
78.19999999999999	3.8750628246824995e-6	3.817444328077538e-6	3.7987111462651803e-6
78.3	3.855515845332821e-6	3.7983283926022482e-6	3.7797354762756067e-6
78.39999999999999	3.836091688190029e-6	3.7793315333483113e-6	3.7608776622591878e-6
78.5	3.816789430418645e-6	3.7604528645249736e-6	3.7421368305073343e-6
78.6	3.7976081572440845e-6	3.7416915079920356e-6	3.7235121148278524e-6
78.69999999999999	3.778546961871887e-6	3.723046593184107e-6	3.7050026564711028e-6
78.8	3.7596049454088463e-6	3.7045172570367025e-6	3.6866076040574496e-6
78.89999999999999	3.740781216784445e-6	3.6861026439125663e-6	3.6683261135055e-6
79.	3.722074892673473e-6	3.6678019055291223e-6	3.650157347960771e-6
79.1	3.7034850974189754e-6	3.6496142008861854e-6	3.6321004777253692e-6
79.19999999999999	3.685010962957076e-6	3.631538696195482e-6	3.614154680188654e-6
79.3	3.6666516287412926e-6	3.613574564809608e-6	3.5963191397580173e-6
79.39999999999999	3.6484062416690393e-6	3.5957209871531043e-6	3.578593047791251e-6
79.5	3.630273956007928e-6	3.577977150653273e-6	3.560975602528913e-6
79.6	3.6122539333233275e-6	3.5603422496721938e-6	3.543466009027872e-6
79.69999999999999	3.594345342406749e-6	3.542815485439501e-6	3.526063479095364e-6
79.8	3.5765473592047384e-6	3.525396065985619e-6	3.5087672312238416e-6
79.89999999999999	3.5588591667487744e-6	3.508083206075935e-6	3.491576490526461e-6
80.	3.5412799550861743e-6	3.490876127145933e-6	3.4744904886734333e-6
80.1	3.5238089212111163e-6	3.4737740572363793e-6	3.457508463828825e-6
80.19999999999999	3.506445268996972e-6	3.4567762309297716e-6	3.4406296605882578e-6
80.3	3.4891882091293007e-6	3.4398818892873874e-6	3.4238533299171926e-6
80.39999999999999	3.472036959039031e-6	3.4230902797864755e-6	3.407178729089636e-6
80.5	3.45499074283735e-6	3.406400656259092e-6	3.3906051216280182e-6
80.6	3.4380487912503787e-6	3.389812278830681e-6	3.374131777243264e-6
80.69999999999999	3.4212103415551734e-6	3.373324413859922e-6	3.3577579717757437e-6
80.8	3.4044746375159417e-6	3.356936333878744e-6	3.3414829871366894e-6
80.89999999999999	3.387840929321495e-6	3.3406473175335302e-6	3.325306111250418e-6
81.	3.3713084735228166e-6	3.3244566495263826e-6	3.3092266379970264e-6
81.1	3.3548765329718825e-6	3.3083636205575943e-6	3.293243867155834e-6
81.19999999999999	3.3385443767604996e-6	3.2923675272680953e-6	3.2773571043492617e-6
81.3	3.322311280160327e-6	3.276467672183027e-6	3.2615656609873213e-6
81.39999999999999	3.3061765245634296e-6	3.2606633636558053e-6	3.245868854212983e-6
81.5	3.2901393974232875e-6	3.2449539158126e-6	3.2302660068477232e-6
81.6	3.274199192196527e-6	3.229338648497481e-6	3.214756447337849e-6
81.69999999999999	3.258355208285521e-6	3.213816887218396e-6	3.199339509701486e-6
81.8	3.2426067509811515e-6	3.1983879630932636e-6	3.1840145334758326e-6
81.89999999999999	3.226953131406646e-6	3.1830512127970996e-6	3.1687808636653386e-6
82.	3.211393666461669e-6	3.1678059785093555e-6	3.1536378506901087e-6
82.1	3.1959276787671217e-6	3.152651607861918e-6	3.138584850334965e-6
82.19999999999999	3.1805544966107965e-6	3.137587453887931e-6	3.123621223699249e-6
82.3	3.1652734538930977e-6	3.1226128749706357e-6	3.1087463371467318e-6
82.39999999999999	3.1500838900738633e-6	3.107727234793275e-6	3.093959562256532e-6
82.5	3.1349851501192345e-6	3.092929902289005e-6	3.0792602757739657e-6
82.6	3.1199765844496233e-6	3.078220251591865e-6	3.0646478595625835e-6
82.69999999999999	3.1050575488879187e-6	3.06359766198795e-6	3.0501217005562247e-6
82.8	3.0902274046081895e-6	3.049061517867039e-6	3.035681190711669e-6
82.89999999999999	3.075485518085245e-6	3.034611208675043e-6	3.021325726961937e-6
83.	3.060831261044331e-6	3.0202461288665557e-6	3.0070547111699374e-6
83.1	3.0462640104117356e-6	3.0059656778582765e-6	2.9928675500826132e-6
83.19999999999999	3.0317831482656077e-6	2.9917692599826034e-6	2.9787636552856015e-6
83.3	3.0173880617875025e-6	2.977656284441927e-6	2.964742443158315e-6
83.39999999999999	3.003078143214387e-6	2.9636261652633436e-6	2.950803334829651e-6
83.5	2.9888527897911237e-6	2.9496783212538163e-6	2.936945756133884e-6
83.6	2.9747114037233607e-6	2.9358121759557028e-6	2.923169137567197e-6
83.69999999999999	2.960653392131218e-6	2.9220271576030513e-6	2.909472914244757e-6
83.8	2.946678167003083e-6	2.9083226990779694e-6	2.8958565258578994e-6
83.89999999999999	2.9327851451501636e-6	2.8946982378677195e-6	2.882319416632116e-6
84.	2.9189737481614093e-6	2.8811532160221505e-6	2.8688610352852883e-6
84.1	2.9052434023589296e-6	2.8676870801115905e-6	2.8554808349863967e-6
84.19999999999999	2.891593538753839e-6	2.854299281185144e-6	2.8421782733145676e-6
84.3	2.8780235930026886e-6	2.840989274729535e-6	2.828952812218767e-6
84.39999999999999	2.8645330053641217e-6	2.82775652062815e-6	2.8158039179775534e-6
84.5	2.85112122065617e-6	2.814600483120689e-6	2.802731061159622e-6
84.6	2.837787688214069e-6	2.8015206307633066e-6	2.7897337165845663e-6
84.69999999999999	2.824531861848262e-6	2.7885164363889135e-6	2.776811363283982e-6
84.8	2.8113531998028365e-6	2.77558737706788e-6	2.7639634844629867e-6
84.89999999999999	2.798251164714952e-6	2.7627329340697033e-6	2.751189567462449e-6
85.	2.7852252235736947e-6	2.749952592824075e-6	2.7384891037209907e-6
85.1	2.7722748476804237e-6	2.7372458428834087e-6	2.7258615887380465e-6
85.19999999999999	2.7593995126087263e-6	2.7246121778849527e-6	2.7133065220367562e-6
85.3	2.7465986981651225e-6	2.7120510955136272e-6	2.7008234071275373e-6
85.39999999999999	2.7338718883503276e-6	2.699562097465385e-6	2.6884117514720548e-6
85.5	2.721218571320494e-6	2.687144689410534e-6	2.6760710664472422e-6
85.6	2.7086382393491606e-6	2.6747983809577366e-6	2.6638008673100485e-6
85.69999999999999	2.69613038878963e-6	2.6625226856184128e-6	2.6516006731623647e-6
85.8	2.683694520037454e-6	2.6503171207712257e-6	2.6394700069162924e-6
85.89999999999999	2.6713301374935734e-6	2.6381812076271984e-6	2.6274083952598347e-6
86.	2.659036749527743e-6	2.626114471195089e-6	2.615415368622906e-6
86.1	2.646813868442199e-6	2.6141164402469864e-6	2.603490461143605e-6
86.19999999999999	2.6346610104359375e-6	2.6021866472844915e-6	2.5916332106349938e-6
86.3	2.6225776955692715e-6	2.5903246285051548e-6	2.5798431585521002e-6
86.39999999999999	2.6105634477286073e-6	2.5785299237691095e-6	2.5681198499592613e-6
86.5	2.5986177945916825e-6	2.566802076566143e-6	2.5564628334976956e-6
86.6	2.586740267593366e-6	2.555140633983309e-6	2.544871661353751e-6
86.69999999999999	2.57493040189128e-6	2.5435451466723396e-6	2.53334588922694e-6
86.8	2.563187736332479e-6	2.5320151688180886e-6	2.5218850762988404e-6
86.89999999999999	2.551511813419762e-6	2.5205502581065917e-6	2.510488785201856e-6
87.	2.5399021792788513e-6	2.5091499756939707e-6	2.4991565819886324e-6
87.1	2.528358383625619e-6	2.4978138861753598e-6	2.4878880361014755e-6
87.19999999999999	2.516879979733747e-6	2.48654155755425e-6	2.4766827203423834e-6
87.3	2.5054665244026605e-6	2.4753325612120857e-6	2.4655402108430755e-6
87.39999999999999	2.4941175779259016e-6	2.464186471878276e-6	2.454460087035578e-6
87.5	2.4828327040597275e-6	2.453102867600419e-6	2.443441931622961e-6
87.6	2.4716114699919634e-6	2.4420813297147537e-6	2.4324853305503325e-6
87.69999999999999	2.4604534463112866e-6	2.4311214428170276e-6	2.421589872976228e-6
87.8	2.4493582069767916e-6	2.4202227947336246e-6	2.410755151244211e-6
87.89999999999999	2.438325329287922e-6	2.4093849764930412e-6	2.39998076085488e-6
88.	2.4273543938544067e-6	2.398607582297349e-6	2.3892663004378824e-6
88.1	2.4164449845668874e-6	2.38789020949433e-6	2.3786113717244387e-6
88.19999999999999	2.4055966885678176e-6	2.3772324585498604e-6	2.368015579520236e-6
88.3	2.394809096222152e-6	2.366633933020077e-6	2.3574785316781587e-6
88.39999999999999	2.384081801088945e-6	2.356094239524424e-6	2.3469998390717146e-6
88.5	2.373414399892801e-6	2.3456129877185417e-6	2.3365791155684463e-6
88.6	2.3628064924959864e-6	2.3351897902677964e-6	2.326215978003892e-6
88.69999999999999	2.3522576818704767e-6	2.324824262820728e-6	2.315910046155528e-6
88.8	2.3417675740703335e-6	2.3145160239828126e-6	2.3056609427169242e-6
88.89999999999999	2.331335778204724e-6	2.304264695290849e-6	2.2954682932726505e-6
89.	2.32096190641063e-6	2.294069901187022e-6	2.285331726272723e-6
89.1	2.3106455738262366e-6	2.2839312689936215e-6	2.2752508730077813e-6
89.19999999999999	2.3003863985644903e-6	2.273848428887925e-6	2.2652253675844165e-6
89.3	2.2901840016869327e-6	2.2638210138773323e-6	2.2552548469006786e-6
89.39999999999999	2.2800380071775653e-6	2.2538486597745184e-6	2.2453389506217425e-6
89.5	2.2699480419174465e-6	2.2439310051733054e-6	2.235477321156093e-6
89.6	2.259913735659005e-6	2.2340676914242302e-6	2.225669603631582e-6
89.69999999999999	2.249934721001037e-6	2.224258362610789e-6	2.21591544587202e-6
89.8	2.2400106333636504e-6	2.214502665525603e-6	2.2062144983737842e-6
89.89999999999999	2.230141110963683e-6	2.2048002496470565e-6	2.1965664142828084e-6
90.	2.2203257947901017e-6	2.195150767115892e-6	2.186970849371671e-6
90.1	2.210564328579965e-6	2.185553872712354e-6	2.177427462016986e-6
90.19999999999999	2.200856358794399e-6	2.176009223833345e-6	2.167935913176997e-6
90.3	2.1912015345947206e-6	2.1665164804696954e-6	2.158495866369315e-6
90.39999999999999	2.181599507819152e-6	2.1570753051840274e-6	2.1491069876490046e-6
90.5	2.1720499329593986e-6	2.1476853630884605e-6	2.1397689455867585e-6
90.6	2.162552467137683e-6	2.138346321822764e-6	2.13048141124737e-6
90.69999999999999	2.153106770083858e-6	2.1290578515325688e-6	2.121244058168349e-6
90.8	2.1437125041128082e-6	2.1198196248478656e-6	2.112056562338724e-6
90.89999999999999	2.1343693341021846e-6	2.1106313168618114e-6	2.1029186021782316e-6
91.	2.1250769274700428e-6	2.1014926051094357e-6	2.093829858516347e-6
91.1	2.115834954153093e-6	2.0924031695469415e-6	2.0847900145719746e-6
91.19999999999999	2.106643086584818e-6	2.083362692530865e-6	2.0757987559328945e-6
91.3	2.0975009996739974e-6	2.074370858797627e-6	2.0668557705356733e-6
91.39999999999999	2.088408370783433e-6	2.065427355443272e-6	2.057960748645749e-6
91.5	2.0793648797087677e-6	2.056531871903294e-6	2.049113382837542e-6
91.6	2.070370208657638e-6	2.0476840999327814e-6	2.0403133679749744e-6
91.69999999999999	2.0614240422289518e-6	2.0388837335866726e-6	2.031560401191992e-6
91.8	2.052526067392285e-6	2.030130469200126e-6	2.0228541818733226e-6
91.89999999999999	2.0436759734677316e-6	2.0214240053693254e-6	2.014194411635511e-6
92.	2.0348734521056996e-6	2.0127640429322223e-6	2.0055807943080476e-6
92.1	2.026118197267035e-6	2.0041502849495988e-6	1.997013035914638e-6
92.19999999999999	2.0174099052031843e-6	1.9955824366861537e-6	1.9884908446547373e-6
92.3	2.008748274436766e-6	1.9870602055919875e-6	1.9800139308851893e-6
92.39999999999999	2.0001330057422405e-6	1.9785833012841765e-6	1.9715820071021547e-6
92.5	1.9915638021265716e-6	1.9701514355283304e-6	1.9631947879230067e-6
92.6	1.9830403688104244e-6	1.9617643222206694e-6	1.9548519900685667e-6
92.69999999999999	1.9745624132094107e-6	1.9534216773701445e-6	1.9465533323457146e-6
92.8	1.966129644914905e-6	1.9451232190801173e-6	1.938298535629131e-6
92.89999999999999	1.95774177567657e-6	1.9368686675317355e-6	1.9300873228450665e-6
93.	1.949398519383086e-6	1.9286577449655077e-6	1.921919418953178e-6
93.1	1.9410995920449492e-6	1.9204901756649362e-6	1.9137945509304468e-6
93.19999999999999	1.9328447117758e-6	1.9123656859386654e-6	1.9057124477535904e-6
93.3	1.9246335991347e-6	1.9042840044635912e-6	1.8976728406224885e-6
93.39999999999999	1.9164659753100138e-6	1.8962448604694767e-6	1.8896754467590114e-6
93.5	1.908341565699117e-6	1.888247987319593e-6	1.8817200467167616e-6
93.6	1.9002600962938943e-6	1.8802931188968686e-6	1.8738063321109707e-6
93.69999999999999	1.8922212954622675e-6	1.8723799913862633e-6	1.8659340566570075e-6
93.8	1.8842248935715678e-6	1.8645083428988958e-6	1.8581029609870039e-6
93.89999999999999	1.876270622971751e-6	1.8566779134560186e-6	1.850312787619583e-6
94.	1.868358217978738e-6	1.8488884449731098e-6	1.8425632809442524e-6
94.1	1.8604874148580525e-6	1.8411396812442554e-6	1.8348541872059708e-6
94.19999999999999	1.8526579518083508e-6	1.8334313679264123e-6	1.8271852544896917e-6
94.3	1.8448695689455167e-6	1.8257632525242296e-6	1.8195562327053637e-6
94.39999999999999	1.8371220082863593e-6	1.8181350843744648e-6	1.811966873572683e-6
94.5	1.8294150137330142e-6	1.8105466146310948e-6	1.8044169306063249e-6
94.6	1.821748331057132e-6	1.8029975962502064e-6	1.796906159101128e-6
94.69999999999999	1.8141217078843191e-6	1.7954877839751304e-6	1.7894343161174309e-6
94.8	1.8065348936787421e-6	1.7880169343217326e-6	1.78200116046661e-6
94.89999999999999	1.7989876397278715e-6	1.7805848055638364e-6	1.7746064526966901e-6
95.	1.7914796991272928e-6	1.773191157718703e-6	1.7672499550780895e-6
95.1	1.7840108267658744e-6	1.7658357525328646e-6	1.7599314315895903e-6
95.19999999999999	1.7765807793107043e-6	1.7585183534677146e-6	1.7526506479042655e-6
95.3	1.769189315192587e-6	1.751238725685655e-6	1.7454073713757057e-6
95.39999999999999	1.7618361945913726e-6	1.7439966360360648e-6	1.7382013710242676e-6
95.5	1.7545211794215206e-6	1.7367918530414983e-6	1.7310324175234786e-6
95.6	1.7472440333177972e-6	1.72962414688401e-6	1.7239002831865825e-6
95.69999999999999	1.7400045216211424e-6	1.72249328939164e-6	1.7168047419531363e-6
95.8	1.7328024113645978e-6	1.7153990540249562e-6	1.7097455693758687e-6
95.89999999999999	1.725637471259408e-6	1.7083412158637605e-6	1.7027225426075202e-6
96.	1.7185094716813038e-6	1.701319551593971e-6	1.6957354403879114e-6
96.1	1.7114181846566686e-6	1.6943338394943831e-6	1.6887840430309534e-6
96.19999999999999	1.7043633838492068e-6	1.6873838594239215e-6	1.681868132412006e-6
96.3	1.6973448445464973e-6	1.680469392808774e-6	1.6749874919553124e-6
96.39999999999999	1.6903623436466335e-6	1.6735902226296047e-6	1.6681419066212721e-6
96.5	1.6834156596450457e-6	1.6667461334089435e-6	1.6613311628941246e-6
96.6	1.67650457262165e-6	1.659936911198894e-6	1.6545550487697757e-6
96.69999999999999	1.669628864227672e-6	1.653162343568513e-6	1.6478133537433982e-6
96.8	1.662788317673115e-6	1.6464222195918247e-6	1.641105868797568e-6
96.89999999999999	1.6559827177138478e-6	1.6397163298354532e-6	1.6344323863901285e-6
97.	1.649211850639144e-6	1.6330444663466953e-6	1.6277927004424344e-6
97.1	1.6424755042592626e-6	1.6264064226416323e-6	1.6211866063275946e-6
97.19999999999999	1.635773467893026e-6	1.6198019936932326e-6	1.6146139008587834e-6
97.3	1.6291055323556121e-6	1.6132309759196608e-6	1.608074382277708e-6
97.39999999999999	1.6224714899464991e-6	1.6066931671727372e-6	1.6015678502432377e-6
97.5	1.6158711344373218e-6	1.6001883667262995e-6	1.5950941058199297e-6
97.6	1.6093042610602974e-6	1.5937163752651311e-6	1.5886529514670714e-6
97.69999999999999	1.6027706664959135e-6	1.5872769948731453e-6	1.5822441910271702e-6
97.8	1.5962701488618145e-6	1.580870029022761e-6	1.575867629715278e-6
97.89999999999999	1.5898025077006535e-6	1.5744952825632415e-6	1.5695230741077068e-6
98.	1.5833675439692084e-6	1.56815256171029e-6	1.5632103321316195e-6
98.1	1.5769650600265123e-6	1.5618416740346534e-6	1.5569292130538267e-6
98.19999999999999	1.5705948596227549e-6	1.555562428451495e-6	1.550679527470415e-6
98.3	1.5642567478887221e-6	1.5493146352102986e-6	1.5444610872966354e-6
98.39999999999999	1.5579505313233423e-6	1.5430981058828712e-6	1.5382737057551612e-6
98.5	1.5516760177840538e-6	1.5369126533541687e-6	1.5321171973670352e-6
98.6	1.5454330164753466e-6	1.530758091811284e-6	1.5259913779408717e-6
98.69999999999999	1.5392213379380585e-6	1.5246342367331897e-6	1.5198960645626073e-6
98.8	1.5330407940388228e-6	1.5185409048806238e-6	1.5138310755856125e-6
98.89999999999999	1.526891197959242e-6	1.5124779142856996e-6	1.5077962306204756e-6
99.	1.5207723641857459e-6	1.506445084242193e-6	1.5017913505253295e-6
99.1	1.5146841084988391e-6	1.5004422352952167e-6	1.4958162573958028e-6
99.19999999999999	1.5086262479630556e-6	1.4944691892315938e-6	1.4898707745553982e-6
99.3	1.5025986009168156e-6	1.4885257690701341e-6	1.4839547265459496e-6
99.39999999999999	1.4966009869620392e-6	1.482611799051656e-6	1.4780679391178345e-6
99.5	1.4906332269543721e-6	1.4767271046296225e-6	1.4722102392206333e-6
99.6	1.4846951429930755e-6	1.470871512460433e-6	1.4663814549936924e-6
99.69999999999999	1.4787865584113494e-6	1.4650448503941458e-6	1.4605814157568333e-6
99.8	1.472907297766444e-6	1.4592469474649826e-6	1.4548099520010649e-6
99.89999999999999	1.4670571868300237e-6	1.4534776338820853e-6	1.4490668953795043e-6
100.	1.4612360525786349e-6	1.4477367410203664e-6	1.4433520786982317e-6