0.1	-0.02432112018211555
0.2	-0.02428764201520588
0.30000000000000004	-0.024232014297744645
0.4	-0.02415448906160423
0.5	-0.0240554155657898
0.6000000000000001	-0.02393523678646654
0.7000000000000001	-0.023794485009923982
0.8	-0.023633776603927983
0.9	-0.02345380605553812
1.	-0.023255339373854968
1.1	-0.023039206964105337
1.2000000000000002	-0.02280629608485586
1.3	-0.02255754300293223
1.4000000000000001	-0.02229392496086194
1.5	-0.022016452069476385
1.6	-0.02172615923389539
1.7000000000000002	-0.02142409821471913
1.8	-0.021111329918160116
1.9000000000000001	-0.020788916999378796
2.	-0.02045791685277622
2.1	-0.020119375051783482
2.2	-0.019774319289099198
2.3000000000000003	-0.019423753856672766
2.4	-0.019068654693294725
2.5	-0.01870996501668376
2.6	-0.018348591546662504
2.7	-0.01798540131655937
2.8000000000000003	-0.017621219061487902
2.9000000000000004	-0.01725682516472534
3.	-0.01689295413708535
3.1	-0.016530293598970475
3.2	-0.01616948373067975
3.3000000000000003	-0.01581111715349316
3.4000000000000004	-0.015455739201992892
3.5	-0.015103848546931272
3.6	-0.014755898127625035
3.7	-0.014412296353244824
3.8000000000000003	-0.014073408533378563
3.9000000000000004	-0.013739558499770013
4.	-0.013411030383075132
4.1	-0.013088070510740972
4.199999999999999	-0.012770889394608947
4.3	-0.012459663779495894
4.3999999999999995	-0.012154538726742567
4.5	-0.011855629709477367
4.6	-0.01156302469907172
4.699999999999999	-0.011276786224918648
4.8	-0.01099695339221164
4.8999999999999995	-0.010723543844811978
5.	-0.010456555662546397
5.1	-0.010195969184361593
5.199999999999999	-0.009941748750668455
5.3	-0.009693844359934043
5.3999999999999995	-0.009452193236123414
5.5	-0.009216721304960953
5.6	-0.008987344578177221
5.699999999999999	-0.008763970445942758
5.8	-0.008546498878572426
5.8999999999999995	-0.00833482353932575
6.	-0.008128832810740377
6.1	-0.007928410737429932
6.199999999999999	-0.007733437888665043
6.3	-0.00754379214434957
6.3999999999999995	-0.007359349408213261
6.5	-0.007179984252178348
6.6	-0.007005570495930451
6.699999999999999	-0.006835981725742842
6.8	-0.00667109175657609
6.8999999999999995	-0.0065107750414099014
7.	-0.006354907031667596
7.1	-0.006203364492472138
7.199999999999999	-0.006056025776331734
7.3	-0.005912771058696976
7.3999999999999995	-0.005773482538665523
7.5	-0.005638044607936494
7.6	-0.005506343990939895
7.699999999999999	-0.005378269858887846
7.8	-0.0052537139203167865
7.8999999999999995	-0.005132570490515097
8.	-0.005014736542059945
8.1	-0.0049001117385219515
8.2	-0.004788598453237142
8.299999999999999	-0.0046801017748936465
8.4	-0.004574529501535776
8.5	-0.00447179212445106
8.6	-0.004371802803276574
8.7	-0.004274477333539521
8.799999999999999	-0.004179734107733545
8.9	-0.004087494070926216
9.	-0.003997680671795012
9.1	-0.003910219809897765
9.2	-0.0038250397798995106
9.299999999999999	-0.003742071213400107
9.4	-0.0036612470189357504
9.5	-0.003582502320662343
9.6	-0.003505774396169007
9.7	-0.0034310026138157294
9.799999999999999	-0.0033581283699397075
9.9	-0.0032870950262302123
10.	-0.00321784784753117
10.1	-0.0031503339402941906
10.2	-0.0030845021918717995
10.299999999999999	-0.0030203032108110906
10.4	-0.002957689268281544
10.5	-0.0028966142407472104
10.6	-0.0028370335539723087
10.7	-0.002778904128430794
10.799999999999999	-0.0027221843261737914
10.9	-0.002666833899194372
11.	-0.002612813939316358
11.1	-0.0025600868296226623
11.2	-0.0025086161974286324
11.299999999999999	-0.0024583668687988805
11.4	-0.0024093048245962655
11.5	-0.0023613971580482168
11.6	-0.0023146120338087056
11.7	-0.0022689186484903495
11.799999999999999	-0.002224287192637403
11.9	-0.002180688814107406
12.	-0.0021380955828269096
12.1	-0.0020964804568847375
12.2	-0.0020558172499249663
12.299999999999999	-0.0020160805998006488
12.4	-0.0019772459384487253
12.5	-0.0019392894629461953
12.6	-0.0019021881077074798
12.7	-0.001865919517783071
12.799999999999999	-0.00183046202321987
12.9	-0.0017957946144440662
13.	-0.0017618969186280948
13.1	-0.0017287491770038336
13.2	-0.001696332223085153
13.299999999999999	-0.001664627461763726
13.4	-0.001633616849243018
13.5	-0.0016032828737763789
13.6	-0.001573608537176164
13.7	-0.001544577337061944
13.799999999999999	-0.0015161732498168376
13.9	-0.0014883807142221845
14.	-0.0014611846157417837
14.1	-0.0014345702714280329
14.2	-0.0014085234154233408
14.299999999999999	-0.0013830301850312628
14.4	-0.0013580771073327985
14.5	-0.001333651086324311
14.6	-0.0013097393905545207
14.7	-0.0012863296412389516
14.799999999999999	-0.0012634098008311291
14.9	-0.0012409681620307843
15.	-0.0012189933372100858
15.1	-0.0011974742482398534
15.2	-0.0011764001166984497
15.299999999999999	-0.0011557604544468495
15.4	-0.0011355450545541253
15.5	-0.0011157439825583103
15.6	-0.001096347568048267
15.7	-0.0010773463965528846
15.799999999999999	-0.0010587313017245126
15.9	-0.0010404933578041838
16.	-0.0010226238723567323
16.1	-0.0010051143792644606
16.200000000000003	-0.0009879566319685527
16.3	-0.0009711425969479296
16.400000000000002	-0.0009546644474256914
16.5	-0.0009385145572938004
16.6	-0.0009226854952470414
16.700000000000003	-0.0009071700191177493
16.8	-0.00089196107040316
16.900000000000002	-0.0008770517689776349
17.	-0.0008624354079823627
17.1	-0.0008481054488854702
17.200000000000003	-0.0008340555167058173
17.3	-0.0008202793953940398
17.400000000000002	-0.0008067710233647085
17.5	-0.0007935244891737472
17.6	-0.0007805340273355207
17.700000000000003	-0.0007677940142742448
17.8	-0.0007552989644046155
17.900000000000002	-0.0007430435263367966
18.	-0.0007310224792010905
18.1	-0.0007192307290878443
18.200000000000003	-0.0007076633055983421
18.3	-0.0006963153585026012
18.400000000000002	-0.000685182154500173
18.5	-0.000674259074080242
18.6	-0.0006635416084774278
18.700000000000003	-0.0006530253567198991
18.8	-0.0006427060227665046
18.900000000000002	-0.0006325794127298072
19.	-0.0006226414321820179
19.1	-0.0006128880835409257
19.200000000000003	-0.0006033154635330963
19.3	-0.0005939197607316778
19.400000000000002	-0.0005846972531662673
19.5	-0.0005756443060024253
19.6	-0.000566757369288452
19.700000000000003	-0.0005580329757672585
19.8	-0.0005494677387510824
19.900000000000002	-0.0005410583500570497
20.	-0.0005328015780015468
20.1	-0.0005246942654515078
20.200000000000003	-0.0005167333279307735
20.3	-0.0005089157517797488
20.400000000000002	-0.000501238592366638
20.5	-0.0004936989723486616
20.6	-0.0004862940799816189
20.700000000000003	-0.0004790211674763174
20.8	-0.0004718775494003905
20.900000000000002	-0.00046486060112408556
21.	-0.0004579677573086733
21.1	-0.000451196510436162
21.200000000000003	-0.0004445444093790475
21.3	-0.0004380090580088874
21.400000000000002	-0.000431588113842523
21.5	-0.0004252792867247986
21.6	-0.0004190803375467018
21.700000000000003	-0.00041298907699785666
21.8	-0.00040700336435234665
21.900000000000002	-0.0004011211062868819
22.	-0.0003953402557303623
22.1	-0.0003896588107439006
22.200000000000003	-0.00038407481343043784
22.3	-0.00037858634887306166
22.400000000000002	-0.0003731915441012204
22.5	-0.00036788856708400733
22.6	-0.0003626756257497544
22.700000000000003	-0.0003575509670311656
22.8	-0.0003525128759352668
22.900000000000002	-0.00034755967463747
23.	-0.0003426897215990592
23.1	-0.00033790141070744905
23.200000000000003	-0.00033319317043855847
23.3	-0.0003285634630406936
23.400000000000002	-0.0003240107837393302
23.5	-0.00031953365996221556
23.6	-0.0003151306505842242
23.700000000000003	-0.00031080034519142234
23.8	-0.00030654136336380315
23.900000000000002	-0.0003023523539761933
24.	-0.00029823199451681426
24.1	-0.0002941789904230274
24.200000000000003	-0.0002901920744337907
24.3	-0.00028627000595836714
24.400000000000002	-0.0002824115704608519
24.5	-0.0002786155788600823
24.6	-0.0002748808669445196
24.700000000000003	-0.0002712062948016975
24.8	-0.0002675907462618466
24.900000000000002	-0.00026403312835531373
25.	-0.00026053237078340973
25.1	-0.0002570874254023228
25.200000000000003	-0.00025369726571975685
25.3	-0.00025036088640394854
25.400000000000002	-0.0002470773028047425
25.5	-0.00024384555048640285
25.6	-0.00024066468477184735
25.700000000000003	-0.00023753378029801582
25.8	-0.00023445193058206458
25.900000000000002	-0.00023141824759811668
26.	-0.00022843186136428472
26.1	-0.0002254919195396991
26.200000000000003	-0.0002225975870312855
26.3	-0.00021974804561003221
26.400000000000002	-0.00021694249353650325
26.5	-0.0002141801451953635
26.6	-0.00021146023073867446
26.700000000000003	-0.00020878199573774
26.8	-0.00020614470084328012
26.900000000000002	-0.00020354762145372165
27.	-0.00020099004739139253
27.1	-0.0001984712825864242
27.200000000000003	-0.0001959906447681587
27.3	-0.0001935474651638747
27.400000000000002	-0.00019114108820464368
27.5	-0.00018877087123813315
27.6	-0.0001864361842481876
27.700000000000003	-0.00018413640958100664
27.8	-0.00018187094167776242
27.900000000000002	-0.00017963918681348514
28.	-0.00017744056284207073
28.1	-0.0001752744989472416
28.200000000000003	-0.000173140435399327
28.3	-0.00017103782331770535
28.400000000000002	-0.00016896612443877045
28.5	-0.00016692481088928946
28.6	-0.00016491336496501045
28.700000000000003	-0.00016293127891439172
28.8	-0.00016097805472732634
28.900000000000002	-0.00015905320392874163
29.	-0.0001571562473769435
29.1	-0.00015528671506659893
29.200000000000003	-0.0001534441459362339
29.3	-0.00015162808768014326
29.400000000000002	-0.00014983809656459547
29.5	-0.00014807373724823705
29.6	-0.0001463345826065818
29.700000000000003	-0.000144620213560496
29.8	-0.00014293021890857683
29.900000000000002	-0.0001412641951633276
30.	-0.0001396217463910407
30.1	-0.00013800248405529728
30.200000000000003	-0.00013640602686399355
30.3	-0.00013483200061981392
30.400000000000002	-0.00013328003807406
30.5	-0.00013174977878375958
30.6	-0.00013024086897197792
30.700000000000003	-0.00012875296139124728
30.8	-0.00012728571519004834
30.900000000000002	-0.00012583879578226235
31.	-0.0001244118747195303
31.1	-0.00012300462956644261
31.200000000000003	-0.00012161674377849746
31.3	-0.00012024790658275935
31.400000000000002	-0.00011889781286114937
31.5	-0.00011756616303631671
31.6	-0.00011625266296001472
31.700000000000003	-0.00011495702380393527
31.8	-0.00011367896195293393
31.900000000000002	-0.00011241819890059586
32.	-0.00011117446114708427
32.1	-0.00010994748009921864
32.2	-0.00010873699197272782
32.300000000000004	-0.00010754273769663244
32.4	-0.00010636446281969952
32.5	-0.00010520191741892873
32.6	-0.0001040548560100151
32.7	-0.00010292303745974907
32.800000000000004	-0.00010180622490030241
32.9	-0.00010070418564536124
33.	-0.00009961669110806047
33.1	-0.00009854351672068071
33.2	-0.0000974844418560605
33.300000000000004	-0.00009643924975069388
33.4	-0.00009540772742946568
33.5	-0.00009438966563199178
33.6	-0.00009338485874052567
33.7	-0.00009239310470939601
33.800000000000004	-0.00009141420499593959
33.9	-0.0000904479644928957
34.	-0.00008949419146222888
34.1	-0.0000885526974703458
34.2	-0.0000876232973246787
34.300000000000004	-0.0000867058090115988
34.4	-0.00008580005363563265
34.5	-0.00008490585535995238
34.6	-0.00008402304134810986
34.7	-0.00008315144170698572
34.800000000000004	-0.00008229088943092884
34.9	-0.00008144122034705607
35.	-0.00008060227306168809
35.1	-0.00007977388890789602
35.2	-0.00007895591189413257
35.300000000000004	-0.00007814818865392561
35.4	-0.00007735056839660666
35.5	-0.00007656290285905613
35.6	-0.00007578504625843887
35.7	-0.00007501685524590887
35.800000000000004	-0.00007425818886126391
35.9	-0.00007350890848852436
36.	-0.00007276887781242132
36.1	-0.00007203796277576977
36.2	-0.0000713160315377086
36.300000000000004	-0.00007060295443278923
36.4	-0.00006989860393089204
36.5	-0.00006920285459795643
36.6	-0.00006851558305750075
36.7	-0.00006783666795292068
36.800000000000004	-0.00006716598991054546
36.9	-0.00006650343150343611
37.	-0.00006584887721591156
37.1	-0.00006520221340878254
37.2	-0.00006456332828528227
37.300000000000004	-0.00006393211185767777
37.4	-0.00006330845591454339
37.5	-0.00006269225398868871
37.6	-0.00006208340132572037
37.7	-0.0000614817948532289
37.800000000000004	-0.000060887333150584094
37.9	-0.000060299916419327305
38.	-0.000059719446454148196
38.1	-0.00005914582661443097
38.2	-0.000058578961796362084
38.300000000000004	-0.000058018758405584006
38.4	-0.00005746512433038328
38.5	-0.00005691796891540456
38.6	-0.0000563772029358781
38.7	-0.0000558427385723463
38.800000000000004	-0.00005531448938588501
38.9	-0.0000547923702938045
39.	-0.00005427629754582081
39.1	-0.00005376618870069043
39.2	-0.00005326196260329377
39.300000000000004	-0.000052763539362161626
39.4	-0.000052270840327434827
39.5	-0.000051783788069246025
39.6	-0.00005130230635651816
39.7	-0.00005082632013616693
39.800000000000004	-0.000050355755512702335
39.9	-0.0000498905397282192
40.	-0.0000494306011427686
40.1	-0.00004897586921510269
40.2	-0.00004852627448378637
40.300000000000004	-0.00004808174854866475
40.4	-0.000047642224052683527
40.5	-0.00004720763466405164
40.6	-0.00004677791505874107
40.7	-0.00004635300090331535
40.800000000000004	-0.00004593282883808079
40.9	-0.00004551733646055538
41.	-0.00004510646230924521
41.1	-0.0000447001458477262
41.2	-0.00004429832744902188
41.300000000000004	-0.000043900948380272545
41.4	-0.00004350795078768968
41.5	-0.000043119277681790456
41.6	-0.000042734872922904975
41.7	-0.00004235468120695247
41.800000000000004	-0.00004197864805148014
41.9	-0.00004160671978196049
42.	-0.00004123884351833937
42.1	-0.000040874967161832144
42.2	-0.00004051503938196309
42.300000000000004	-0.000040159009603840875
42.4	-0.00003980682799566803
42.5	-0.00003945844545647786
42.6	-0.00003911381360409456
42.7	-0.000038772884763314276
42.800000000000004	-0.00003843561195429835
42.9	-0.00003810194888117959
43.	-0.00003777184992087329
43.1	-0.000037445270112091295
43.2	-0.00003712216514455393
43.300000000000004	-0.00003680249134839689
43.4	-0.000036486205683768136
43.5	-0.00003617326573061219
43.6	-0.00003586362967863692
43.7	-0.000035557256317460656
43.800000000000004	-0.000035254105026934874
43.9	-0.000034954135767639946
44.	-0.000034657309071549445
44.1	-0.000034363586032861584
44.2	-0.000034072928298992365
44.300000000000004	-0.00003378529806172886
44.4	-0.00003350065804853895
44.5	-0.000033218971514034835
44.6	-0.0000329402022315864
44.7	-0.00003266431448508268
44.800000000000004	-0.00003239127306083886
44.9	-0.0000321210432396429
45.	-0.000031853590788944914
45.1	-0.00003158888195518042
45.2	-0.000031326883456228656
45.300000000000004	-0.000031067562474002236
45.4	-0.00003081088664716606
45.5	-0.00003055682406398275
45.6	-0.00003030534325528065
45.7	-0.000030056413187546564
45.800000000000004	-0.00002981000325613532
45.9	-0.000029566083278597507
46.	-0.000029324623488121892
46.1	-0.000029085594527091874
46.2	-0.000028848967440750793
46.300000000000004	-0.00002861471367097712
46.4	-0.000028382805050165434
46.5	-0.00002815321379521302
46.6	-0.00002792591250160787
46.7	-0.000027700874137618314
46.800000000000004	-0.000027478072038581155
46.9	-0.00002725747990128649
47.	-0.000027039071778458445
47.1	-0.000026822822073328723
47.2	-0.00002660870553430197
47.300000000000004	-0.000026396697249711763
47.4	-0.000026186772642663618
47.5	-0.000025978907465965776
47.6	-0.000025773077797145457
47.7	-0.000025569260033547007
47.800000000000004	-0.000025367430887514165
47.9	-0.000025167567381650775
48.	-0.00002496964684416234
48.1	-0.000024773646904273904
48.2	-0.000024579545487725102
48.300000000000004	-0.00002438732081233862
48.4	-0.000024196951383664073
48.5	-0.00002400841599069221
48.6	-0.000023821693701640863
48.7	-0.00002363676385980985
48.800000000000004	-0.000023453606079505238
48.9	-0.000023272200242028495
49.	-0.000023092526491734343
49.1	-0.000022914565232150714
49.2	-0.000022738297122163626
49.300000000000004	-0.000022563703072263945
49.4	-0.000022390764240854883
49.5	-0.00002221946203062109
49.6	-0.000022049778084955348
49.7	-0.000021881694284443324
49.800000000000004	-0.000021715192743406726
49.9	-0.00002155025580650092
50.	-0.00002138686604536787
50.1	-0.000021225006255343334
50.2	-0.000021064659452217856
50.300000000000004	-0.000020905808869047534
50.4	-0.00002074843795301876
50.5	-0.000020592530362361384
50.6	-0.00002043806996331166
50.7	-0.000020285040827124294
50.800000000000004	-0.000020133427227131986
50.9	-0.00001998321363585074
51.	-0.000019834384722133105
51.1	-0.000019686925348365008
51.2	-0.000019540820567707528
51.300000000000004	-0.000019396055621383552
51.4	-0.00001925261593600446
51.5	-0.000019110487120942695
51.6	-0.000018969654965741887
51.7	-0.000018830105437571516
51.800000000000004	-0.000018691824678718463
51.9	-0.000018554799004119587
52.	-0.000018419014898932387
52.1	-0.000018284459016143617
52.2	-0.0000181511181742164
52.300000000000004	-0.000018018979354771348
52.4	-0.00001788802970030644
52.5	-0.000017758256511951703
52.6	-0.000017629647247257533
52.7	-0.00001750218951801825
52.800000000000004	-0.000017375871088129707
52.9	-0.00001725067987147898
53.	-0.00001712660392986704
53.1	-0.00001700363147096409
53.2	-0.000016881750846294834
53.300000000000004	-0.000016760950549256374
53.4	-0.00001664121921316486
53.5	-0.000016522545609333516
53.6	-0.000016404918645179153
53.7	-0.000016288327362357417
53.800000000000004	-0.00001617276093492736
53.9	-0.000016058208667542915
54.	-0.000015944659993672888
54.1	-0.000015832104473846532
54.2	-0.000015720531793927157
54.300000000000004	-0.000015609931763411106
54.4	-0.000015500294313752227
54.5	-0.000015391609496712204
54.6	-0.0000152838674827351
54.7	-0.00001517705855934691
54.800000000000004	-0.000015071173129578724
54.9	-0.000014966201710413414
55.	-0.000014862134931256297
55.1	-0.000014758963532427637
55.2	-0.000014656678363678452
55.300000000000004	-0.000014555270382727742
55.4	-0.000014454730653822316
55.5	-0.000014355050346317187
55.6	-0.000014256220733277467
55.7	-0.000014158233190100661
55.800000000000004	-0.000014061079193159905
55.9	-0.000013964750318466767
56.	-0.000013869238240353078
56.1	-0.000013774534730173922
56.2	-0.000013680631655028436
56.300000000000004	-0.000013587520976499177
56.4	-0.000013495194749410665
56.5	-0.000013403645120606299
56.6	-0.000013312864327741853
56.7	-0.000013222844698098038
56.800000000000004	-0.000013133578647409364
56.9	-0.000013045058678710755
57.	-0.000012957277381200086
57.1	-0.000012870227429118009
57.2	-0.000012783901580643764
57.300000000000004	-0.00001269829267680661
57.4	-0.000012613393640413325
57.5	-0.00001252919747499095
57.6	-0.000012445697263745453
57.7	-0.000012362886168534018
57.800000000000004	-0.000012280757428853335
57.9	-0.000012199304360841773
58.	-0.000012118520356296062
58.1	-0.00001203839888170189
58.2	-0.000011958933477278348
58.300000000000004	-0.000011880117756036392
58.4	-0.000011801945402849492
58.5	-0.000011724410173539585
58.6	-0.00001164750589397362
58.7	-0.000011571226459174733
58.800000000000004	-0.000011495565832444993
58.9	-0.000011420518044501133
59.	-0.000011346077192621775
59.1	-0.000011272237439807663
59.2	-0.000011198993013952587
59.300000000000004	-0.000011126338207026858
59.4	-0.000011054267374271752
59.5	-0.000010982774933405403
59.6	-0.00001091185536383982
59.7	-0.000010841503205908642
59.800000000000004	-0.000010771713060106193
59.9	-0.000010702479586336068
60.	-0.000010633797503171594
60.1	-0.000010565661587125498
60.2	-0.000010498066671929808
60.300000000000004	-0.000010431007647826573
60.4	-0.000010364479460867048
60.5	-0.000010298477112221944
60.6	-0.000010232995657499867
60.7	-0.000010168030206076469
60.800000000000004	-0.000010103575920431714
60.9	-0.000010039628015496803
61.	-9.976181758009989e-6
61.1	-9.913232465881153e-6
61.2	-9.850775507564975e-6
61.300000000000004	-9.788806301443046e-6
61.4	-9.727320315213756e-6
61.5	-9.666313065291078e-6
61.6	-9.605780116211603e-6
61.7	-9.545717080048519e-6
61.800000000000004	-9.486119615835336e-6
61.9	-9.426983428995784e-6
62.	-9.368304270782175e-6
62.1	-9.31007793772159e-6
62.2	-9.252300271068703e-6
62.300000000000004	-9.194967156266817e-6
62.4	-9.13807452241569e-6
62.5	-9.081618341746576e-6
62.6	-9.025594629104298e-6
62.7	-8.969999441436556e-6
62.800000000000004	-8.914828877289435e-6
62.9	-8.860079076310319e-6
63.	-8.805746218757031e-6
63.1	-8.751826525013643e-6
63.2	-8.69831625511263e-6
63.300000000000004	-8.645211708263585e-6
63.4	-8.592509222388057e-6
63.5	-8.540205173660223e-6
63.6	-8.48829597605436e-6
63.7	-8.436778080897782e-6
63.800000000000004	-8.385647976429527e-6
63.9	-8.334902187365463e-6
64.	-8.284537274468463e-6
64.1	-8.234549834124964e-6
64.19999999999999	-8.184936497926021e-6
64.3	-8.135693932254906e-6
64.39999999999999	-8.086818837879797e-6
64.5	-8.038307949551149e-6
64.6	-7.99015803560534e-6
64.69999999999999	-7.942365897572762e-6
64.8	-7.894928369791145e-6
64.89999999999999	-7.847842319024244e-6
65.	-7.801104644084883e-6
65.1	-7.754712275463697e-6
65.19999999999999	-7.708662174961678e-6
65.3	-7.662951335328418e-6
65.39999999999999	-7.617576779904311e-6
65.5	-7.5725355622679e-6
65.6	-7.527824765887368e-6
65.69999999999999	-7.483441503776783e-6
65.8	-7.439382918156623e-6
65.89999999999999	-7.395646180118486e-6
66.	-7.352228489294545e-6
66.1	-7.309127073530929e-6
66.19999999999999	-7.2663391885652645e-6
66.3	-7.223862117708217e-6
66.39999999999999	-7.181693171529472e-6
66.5	-7.139829687547659e-6
66.6	-7.0982690299234655e-6
66.69999999999999	-7.057008589158022e-6
66.8	-7.016045781793557e-6
66.89999999999999	-6.975378050119063e-6
67.	-6.9350028618792115e-6
67.1	-6.894917709986644e-6
67.19999999999999	-6.85512011223859e-6
67.3	-6.815607611036335e-6
67.39999999999999	-6.776377773108785e-6
67.5	-6.7374281892390816e-6
67.6	-6.698756473994991e-6
67.69999999999999	-6.660360265462262e-6
67.8	-6.622237224981891e-6
67.89999999999999	-6.584385036889947e-6
68.	-6.546801408261415e-6
68.1	-6.5094840686566745e-6
68.19999999999999	-6.472430769871122e-6
68.3	-6.435639285688342e-6
68.39999999999999	-6.3991074116362346e-6
68.5	-6.36283296474552e-6
68.6	-6.3268137833120485e-6
68.69999999999999	-6.2910477266619665e-6
68.8	-6.255532674918825e-6
68.89999999999999	-6.220266528775238e-6
69.	-6.185247209265546e-6
69.1	-6.150472657542507e-6
69.19999999999999	-6.115940834656589e-6
69.3	-6.08164972133714e-6
69.39999999999999	-6.0475973177773575e-6
69.5	-6.013781643421066e-6
69.6	-5.980200736752515e-6
69.69999999999999	-5.94685265508863e-6
69.8	-5.913735474373675e-6
69.89999999999999	-5.880847288976743e-6
70.	-5.848186211491246e-6
70.1	-5.815750372537343e-6
70.19999999999999	-5.783537920566207e-6
70.3	-5.751547021667268e-6
70.39999999999999	-5.71977585937729e-6
70.5	-5.688222634491966e-6
70.6	-5.656885564880052e-6
70.69999999999999	-5.625762885298817e-6
70.8	-5.594852847213185e-6
70.89999999999999	-5.564153718615534e-6
71.	-5.533663783848733e-6
71.1	-5.503381343430696e-6
71.19999999999999	-5.473304713881532e-6
71.3	-5.44343222755208e-6
71.39999999999999	-5.413762232455371e-6
71.5	-5.384293092099147e-6
71.6	-5.355023185321248e-6
71.69999999999999	-5.325950906126413e-6
71.8	-5.297074663525105e-6
71.89999999999999	-5.268392881374414e-6
72.	-5.239903998220748e-6
72.1	-5.21160646714437e-6
72.19999999999999	-5.183498755605784e-6
72.3	-5.155579345293888e-6
72.39999999999999	-5.127846731976129e-6
72.5	-5.100299425350134e-6
72.6	-5.072935948897307e-6
72.69999999999999	-5.0457548397379785e-6
72.8	-5.0187546484883525e-6
72.89999999999999	-4.991933939119244e-6
73.	-4.965291288816251e-6
73.1	-4.938825287841501e-6
73.19999999999999	-4.912534539397473e-6
73.3	-4.886417659491847e-6
73.39999999999999	-4.860473276804454e-6
73.5	-4.834700032555156e-6
73.6	-4.809096580373726e-6
73.69999999999999	-4.783661586171617e-6
73.8	-4.758393728013709e-6
73.89999999999999	-4.733291695993554e-6
74.	-4.7083541921084325e-6
74.1	-4.683579930136787e-6
74.19999999999999	-4.658967635516724e-6
74.3	-4.634516045225835e-6
74.39999999999999	-4.610223907662727e-6
74.5	-4.58608998252945e-6
74.6	-4.562113040715886e-6
74.69999999999999	-4.53829186418475e-6
74.8	-4.514625245858561e-6
74.89999999999999	-4.4911119895075195e-6
75.	-4.467750909638694e-6
75.1	-4.44454083138671e-6
75.19999999999999	-4.4214805904054e-6
75.3	-4.398569032760812e-6
75.39999999999999	-4.375805014825472e-6
75.5	-4.353187403173829e-6
75.6	-4.330715074478841e-6
75.69999999999999	-4.308386915409718e-6
75.8	-4.286201822530886e-6
75.89999999999999	-4.264158702202189e-6
76.	-4.242256470479836e-6
76.1	-4.2204940530190015e-6
76.19999999999999	-4.198870384977107e-6
76.3	-4.177384410918264e-6
76.39999999999999	-4.156035084719117e-6
76.5	-4.134821369475163e-6
76.6	-4.113742237408716e-6
76.69999999999999	-4.092796669777405e-6
76.8	-4.071983656784104e-6
76.89999999999999	-4.0513021974876215e-6
77.	-4.030751299714448e-6
77.1	-4.010329979971426e-6
77.19999999999999	-3.990037263359508e-6
77.3	-3.96987218348855e-6
77.39999999999999	-3.949833782392613e-6
77.5	-3.929921110446908e-6
77.6	-3.910133226284861e-6
77.69999999999999	-3.8904691967168015e-6
77.8	-3.87092809664916e-6
77.89999999999999	-3.851509009004563e-6
78.	-3.832211024643045e-6
78.1	-3.813033242283837e-6
78.19999999999999	-3.7939747684282674e-6
78.3	-3.775034717283235e-6
78.39999999999999	-3.7562122106859435e-6
78.5	-3.7375063780289807e-6
78.6	-3.7189163561865286e-6
78.69999999999999	-3.70044128944132e-6
78.8	-3.6820803294121505e-6
78.89999999999999	-3.6638326349828432e-6
79.	-3.645697372231047e-6
79.1	-3.627673714358655e-6
79.19999999999999	-3.609760841622499e-6
79.3	-3.591957941265808e-6
79.39999999999999	-3.5742642074508334e-6
79.5	-3.5566788411915484e-6
79.6	-3.539201050287748e-6
79.69999999999999	-3.5218300492592674e-6
79.8	-3.5045650592814494e-6
79.89999999999999	-3.487405308120826e-6
80.	-3.4703500300717353e-6
80.1	-3.4533984658936554e-6
80.19999999999999	-3.4365498627493174e-6
80.3	-3.4198034741430024e-6
80.39999999999999	-3.403158559860015e-6
80.5	-3.3866143859065064e-6
80.6	-3.370170224450158e-6
80.69999999999999	-3.3538253537612687e-6
80.8	-3.3375790581547035e-6
80.89999999999999	-3.3214306279321503e-6
81.	-3.3053793593254312e-6
81.1	-3.2894245544399656e-6
81.19999999999999	-3.2735655211992536e-6
81.3	-3.257801573289415e-6
81.39999999999999	-3.242132030104953e-6
81.5	-3.2265562166946243e-6
81.6	-3.211073463708053e-6
81.69999999999999	-3.195683107342922e-6
81.8	-3.18038448929257e-6
81.89999999999999	-3.165176956694488e-6
82.	-3.150059862078895e-6
82.1	-3.1350325633181965e-6
82.19999999999999	-3.1200944235769304e-6
82.3	-3.1052448112620063e-6
82.39999999999999	-3.0904830999739084e-6
82.5	-3.075808668457745e-6
82.6	-3.0612209005556058e-6
82.69999999999999	-3.0467191851587547e-6
82.8	-3.0323029161607115e-6
82.89999999999999	-3.017971492410564e-6
83.	-3.003724317667111e-6
83.1	-2.9895608005529882e-6
83.19999999999999	-2.975480354509806e-6
83.3	-2.9614823977532502e-6
83.39999999999999	-2.9475663532292336e-6
83.5	-2.9337316485697677e-6
83.6	-2.919977716049977e-6
83.69999999999999	-2.9063039925451823e-6
83.8	-2.8927099194884356e-6
83.89999999999999	-2.879194942828632e-6
84.	-2.865758512989049e-6
84.1	-2.852400084826212e-6
84.19999999999999	-2.8391191175891265e-6
84.3	-2.8259150748792077e-6
84.39999999999999	-2.8127874246102353e-6
84.5	-2.799735638969109e-6
84.6	-2.7867591943767668e-6
84.69999999999999	-2.773857571449469e-6
84.8	-2.7610302549606584e-6
84.89999999999999	-2.7482767338031048e-6
85.	-2.7355965009514066e-6
85.1	-2.7229890534250136e-6
85.19999999999999	-2.7104538922513547e-6
85.3	-2.6979905224296447e-6
85.39999999999999	-2.6855984528949785e-6
85.5	-2.6732771964825193e-6
85.6	-2.661026269892495e-6
85.69999999999999	-2.6488451936552065e-6
85.8	-2.636733492096497e-6
85.89999999999999	-2.6246906933036334e-6
86.	-2.6127163290914353e-6
86.1	-2.600809934968766e-6
86.19999999999999	-2.588971050105453e-6
86.3	-2.577199217299367e-6
86.39999999999999	-2.565493982944078e-6
86.5	-2.5538548969964645e-6
86.6	-2.5422815129451177e-6
86.69999999999999	-2.530773387778666e-6
86.8	-2.519330081954556e-6
86.89999999999999	-2.5079511593682276e-6
87.	-2.4966361873225595e-6
87.1	-2.4853847364974096e-6
87.19999999999999	-2.4741963809198405e-6
87.3	-2.4630706979342592e-6
87.39999999999999	-2.4520072681731557e-6
87.5	-2.4410056755279594e-6
87.6	-2.430065507120187e-6
87.69999999999999	-2.4191863532729818e-6
87.8	-2.408367807482748e-6
87.89999999999999	-2.397609466391464e-6
88.	-2.3869109297586083e-6
88.1	-2.3762718004340512e-6
88.19999999999999	-2.365691684330821e-6
88.3	-2.3551701903981842e-6
88.39999999999999	-2.34470693059502e-6
88.5	-2.334301519863497e-6
88.6	-2.3239535761030092e-6
88.69999999999999	-2.3136627201443715e-6
88.8	-2.303428575723994e-6
88.89999999999999	-2.293250769458961e-6
89.	-2.2831289308215655e-6
89.1	-2.273062692114586e-6
89.19999999999999	-2.2630516884467778e-6
89.3	-2.2530955577083965e-6
89.39999999999999	-2.2431939405471083e-6
89.5	-2.2333464803441426e-6
89.6	-2.2235528231905712e-6
89.69999999999999	-2.213812617863891e-6
89.8	-2.20412551580484e-6
89.89999999999999	-2.194491171094382e-6
90.	-2.184909240431078e-6
90.1	-2.175379383108347e-6
90.19999999999999	-2.1659012609922574e-6
90.3	-2.156474538499495e-6
90.39999999999999	-2.147098882575294e-6
90.5	-2.137773962671898e-6
90.6	-2.12849945072704e-6
90.69999999999999	-2.119275021142702e-6
90.8	-2.110100350763953e-6
90.89999999999999	-2.1009751188582845e-6
91.	-2.0918990070946417e-6
91.1	-2.0828716995233566e-6
91.19999999999999	-2.0738928825555117e-6
91.3	-2.064962244943052e-6
91.39999999999999	-2.0560794777589204e-6
91.5	-2.047244274377221e-6
91.6	-2.0384563304538735e-6
91.69999999999999	-2.0297153439071817e-6
91.8	-2.021021014898712e-6
91.89999999999999	-2.0123730458143633e-6
92.	-2.0037711412456e-6
92.1	-1.9952150079707666e-6
92.19999999999999	-1.9867043549367785e-6
92.3	-1.9782388932407737e-6
92.39999999999999	-1.9698183361120936e-6
92.5	-1.9614423988943463e-6
92.6	-1.953110799027589e-6
92.69999999999999	-1.9448232560311705e-6
92.8	-1.9365794914854147e-6
92.89999999999999	-1.9283792290154914e-6
93.	-1.9202221942733287e-6
93.1	-1.912108114921667e-6
93.19999999999999	-1.9040367206164374e-6
93.3	-1.8960077429904014e-6
93.39999999999999	-1.8880208706805525e-6
93.5	-1.880075974094009e-6
93.6	-1.8721726558266754e-6
93.69999999999999	-1.8643107002127185e-6
93.8	-1.8564898485258956e-6
93.89999999999999	-1.8487098439203991e-6
94.	-1.8409704314153759e-6
94.1	-1.833271357879461e-6
94.19999999999999	-1.8256123720154866e-6
94.3	-1.8179932243454115e-6
94.39999999999999	-1.8104136671953254e-6
94.5	-1.8028734546805118e-6
94.6	-1.7953723426908835e-6
94.69999999999999	-1.7879100888762336e-6
94.8	-1.7804864526319598e-6
94.89999999999999	-1.7731011950846245e-6
95.	-1.765754079077828e-6
95.1	-1.7584448691581694e-6
95.19999999999999	-1.7511733315613183e-6
95.3	-1.743939234198208e-6
95.39999999999999	-1.7367423466413565e-6
95.5	-1.7295824401113554e-6
95.6	-1.72245928746351e-6
95.69999999999999	-1.715372663174301e-6
95.8	-1.7083223433285495e-6
95.89999999999999	-1.701308105606146e-6
96.	-1.6943297292691453e-6
96.1	-1.6873869951489805e-6
96.19999999999999	-1.6804796856336841e-6
96.3	-1.67360758465556e-6
96.39999999999999	-1.6667704776783097e-6
96.5	-1.659968151684925e-6
96.6	-1.6532003951654702e-6
96.69999999999999	-1.646466998104784e-6
96.8	-1.6397677519706042e-6
96.89999999999999	-1.6331024497015016e-6
97.	-1.626470885695203e-6
97.1	-1.619872855796845e-6
97.19999999999999	-1.6133081572872957e-6
97.3	-1.6067765888717521e-6
97.39999999999999	-1.6002779506683478e-6
97.5	-1.5938120441967335e-6
97.6	-1.5873786723671138e-6
97.69999999999999	-1.5809776394689588e-6
97.8	-1.5746087511600763e-6
97.89999999999999	-1.568271814455661e-6
98.	-1.5619666377177412e-6
98.1	-1.5556930306440384e-6
98.19999999999999	-1.549450804257777e-6
98.3	-1.5432397708973678e-6
98.39999999999999	-1.5370597442049171e-6
98.5	-1.5309105391170867e-6
98.6	-1.5247919718544616e-6
98.69999999999999	-1.5187038599111708e-6
98.8	-1.5126460220451306e-6
98.89999999999999	-1.5066182782678879e-6
99.	-1.5006204498348982e-6
99.1	-1.494652359235655e-6
99.19999999999999	-1.4887138301839298e-6
99.3	-1.4828046876083528e-6
99.39999999999999	-1.476924757642699e-6
99.5	-1.4710738676164409e-6
99.6	-1.4652518460455884e-6
99.69999999999999	-1.4594585226231474e-6
99.8	-1.4536937282100219e-6
99.89999999999999	-1.4479572948260583e-6
100.	-1.4422490556406609e-6