0.1	0.005844705441986453	0.005232597137555358	0.004864229140130322
0.2	0.005843803599862861	0.005231786286553039	0.0048634488822938225
0.30000000000000004	0.0058423007279658	0.005230435170086024	0.004862148827043813
0.4	0.005840197124345918	0.005228544240945996	0.004860329535782696
0.5	0.005837493207444629	0.005226114133013131	0.00485799179384644
0.6000000000000001	0.0058341895172552794	0.00522314566122555	0.0048551366098778075
0.7000000000000001	0.005830286716802807	0.005219639821536695	0.0048517652150214165
0.8	0.005825785593932032	0.005215597790858155	0.004847879061941281
0.9	0.005820687063392695	0.005211020926984933	0.004843479823661694
1.	0.005814992169207305	0.005205910768499678	0.004838569392232407
1.1	0.005808702087306008	0.005200269034651919	0.004833149877219272
1.2000000000000002	0.005801818128410843	0.005194097625207894	0.004827223604021628
1.3	0.005794341741150048	0.005187398620266193	0.004820793112017894
1.4000000000000001	0.0057862745153814815	0.005180174280033997	0.004813861152541013
1.5	0.005777618185702782	0.005172427044558426	0.004806430686685505
1.6	0.005768374635124525	0.005164159533407147	0.004798504882948125
1.7000000000000002	0.005758545898881456	0.005155374545292179	0.004790087114704223
1.8	0.005748134168355852	0.005146075057630604	0.004781180957522142
1.9000000000000001	0.005737141795086132	0.005136264226035702	0.004771790186318111
2.	0.005725571294833133	0.005125945383731947	0.004761918772354306
2.1	0.005713425351675895	0.005115122040887176	0.004751570880082917
2.2	0.005700706822108353	0.005103797883855255	0.004740750863839242
2.3000000000000003	0.005687418739108128	0.0050919767743225425	0.00472946326438701
2.4	0.005673564316148511	0.0050796627483515695	0.00471771280531934
2.5	0.005659146951124782	0.005066860015315394	0.004705504389318884
2.6	0.0056441702301663135	0.005053572956716331	0.004692843094280942
2.7	0.005628637931306254	0.005039806124882896	0.004679734169303482
2.8000000000000003	0.005612554027981156	0.005025564241539077	0.004666183030548189
2.9000000000000004	0.005595922692333646	0.005010852196240351	0.004652195256976869
3.	0.00557874829829204	0.00499567504467117	0.00463777658596769
3.1	0.005561035424401843	0.004980038006799021	0.004622932908815929
3.2	0.005542788856385154	0.0049639464648805936	0.004607670266124075
3.3000000000000003	0.005524013589405258	0.0049474059613159845	0.004591994843086294
3.4000000000000004	0.005504714830015037	0.0049304221963473935	0.0045759129646724276
3.5	0.005484897997769314	0.004913001025599227	0.004559431090716881
3.6	0.005464568726482741	0.004895148457457056	0.004542555810917864
3.7	0.005443732865116564	0.0048768706502834635	0.00452529383975264
3.8000000000000003	0.005422396478279253	0.004858173909469318	0.004507652011314538
3.9000000000000004	0.0054005658463277635	0.004839064684319646	0.004489637274077634
4.	0.005378247465058087	0.0048195495647738494	0.0044712566855951465
4.1	0.005355448044975527	0.004799635277960617	0.0044525174071376305
4.199999999999999	0.0053321745101371325	0.004779328684588484	0.0044334266982772475
4.3	0.005308433996560557	0.004758636775173619	0.004413991911424412
4.3999999999999995	0.005284233850195611	0.004737566666107009	0.0043942204863232194
4.5	0.005259581624456638	0.00471612559556382	0.004374119944512114
4.6	0.005234485077315821	0.0046943209192583215	0.004353697883756333
4.699999999999999	0.005208952167959341	0.004672160106048314	0.004332961972458671
4.8	0.0051829910530102235	0.004649650733393605	0.004311919944055159
4.8999999999999995	0.005156610082323489	0.004626800482673605	0.004290579591402269
5.	0.005129817794360978	0.004603617134369644	0.004268948761162229
5.1	0.00510262291115495	0.004580108563118162	0.004247035348193057
5.199999999999999	0.00507503433287113	0.004556282732641331	0.004224847289949875
5.3	0.005047061131983489	0.004532147690562205	0.004202392560904013
5.3999999999999995	0.005018712547074475	0.004507711563111872	0.004179679166986391
5.5	0.004989997976275793	0.004482982549736494	0.004156715140061566
5.6	0.004960926970366166	0.0044579689176124804	0.004133508532438762
5.699999999999999	0.00493150922554363	0.004432678996078378	0.004110067411426117
5.8	0.0049017545758910505	0.004407121170992343	0.004086399853934239
5.8999999999999995	0.004871672985554604	0.0043813038790243685	0.004062513941135119
6.	0.004841274540655553	0.004355235601892509	0.00403841775318214
6.1	0.0048105694409568914	0.004328924860552792	0.004014119363997045
6.199999999999999	0.0047795679913066455	0.0043023802093523945	0.0039896268361293095
6.3	0.004748280592880388	0.004275610230155919	0.003964948215693333
6.3999999999999995	0.004716717734245941	0.004248623526454633	0.00394009152738867
6.5	0.0046848899822735214	0.004221428717468583	0.003915064769608291
6.6	0.00465280797291485	0.004194034432251472	0.0038898759096397065
6.699999999999999	0.004620482401874823	0.0041664493038081835	0.003864532878963552
6.8	0.004587924015199403	0.00413868196323474	0.0038390435686540317
6.8999999999999995	0.004555143599803254	0.0041107410338903924	0.0038134158248853875
7.	0.004522151973960497	0.004082635125611372	0.0037876574445483277
7.1	0.004488959977781679	0.004054372828975734	0.0037617761709801373
7.199999999999999	0.004455578463699675	0.004025962709628418	0.0037357796898119093
7.3	0.004422018286986824	0.003997413302675539	0.0037096756249361353
7.3999999999999995	0.004388290296325061	0.003968733107156581	0.0036834715345976264
7.5	0.004354405324450154	0.003939930580602881	0.0036571749076104447
7.6	0.004320374178890716	0.003911014133690667	0.0036307931597034135
7.699999999999999	0.004286207632821557	0.003881992124996243	0.00360433362999629
7.8	0.004251916416050536	0.0038528728558609466	0.003577803577608655
7.8999999999999995	0.004217511206157024	0.003823664565372895	0.0035512101784031945
8.	0.004183002619799282	0.0037943754254722555	0.0035245605218648217
8.1	0.004148401204207131	0.003765013536186382	0.003497861608116854
8.2	0.004113717428875341	0.003735586921000729	0.0034711203450751888
8.299999999999999	0.004078961677472204	0.0037061035223710757	0.003444343545741189
8.4	0.004044144239976738	0.0036765711973821566	0.003417537925633752
8.5	0.004009275305056964	0.003646997713557382	0.003390710100360782
8.6	0.003974364952700664	0.0036173907448238756	0.003363866583330061
8.7	0.003939423147109017	0.0035877578676366782	0.003337013783599303
8.799999999999999	0.0039044597298624234	0.0035581065572654765	0.003310158003864919
8.9	0.0038694844133668567	0.003528444184246818	0.003283305438588834
9.	0.0038345067745880475	0.0034987780110043837	0.003256462172262512
9.1	0.0037995362490796576	0.00346911518863932	0.003229634177807029
9.2	0.0037645821253108796	0.0034394627538924414	0.003202827315108028
9.299999999999999	0.0037296535392976307	0.0034098276262795055	0.0031760473296840374
9.4	0.0036947594695407107	0.003380216605400446	0.0031492998514865314
9.5	0.003659908732273329	0.003350636368423062	0.00312259039382994
9.6	0.0036251099770194845	0.00332109346774125	0.0030959243524496445
9.7	0.0035903716824638126	0.003291594328807503	0.0030693070046858392
9.799999999999999	0.003555702152632695	0.0032621452481390633	0.003042743508791007
9.9	0.00352110951338558	0.0032327523914967324	0.0030162389033586224
10.	0.003486601709214717	0.0032034217922350407	0.0029897981068705577
10.1	0.0034521865003507794	0.0031741593498221454	0.002963425917360564
10.2	0.0034178714601711276	0.003144970828527536	0.002937127012191092
10.299999999999999	0.003383663972906842	0.003115861856275321	0.0029109059479406154
10.4	0.003349571231644017	0.0030868379236606226	0.002884767160398526
10.5	0.0033156002366142405	0.0030579043831263277	0.0028587149646646065
10.6	0.003281757793768651	0.003029066448297211	0.0028327535553499864
10.7	0.0032480505136294802	0.0030003291934682496	0.002806887006876462
10.799999999999999	0.0032144848104125228	0.0029716975532436954	0.0027811192738709765
10.9	0.0031810669014135703	0.00294317632232332	0.0027554541916520164
11.	0.0031478028066514933	0.0029147701554320653	0.002729895476804661
11.1	0.003114698348760278	0.0028864835673891496	0.0027044467278409573
11.2	0.0030817591531221047	0.0028583209333125953	0.0026791114259423162
11.299999999999999	0.0030489906482332094	0.0028302864889549442	0.0026538929357805565
11.4	0.0030163980662941473	0.0028023843311658875	0.002628794506414269
11.5	0.002983986444015807	0.002774618418477395	0.0026038192722571338
11.6	0.002951760623632438	0.002746992571806861	0.0025789702541148428
11.7	0.002919725254112802	0.0027195104752737427	0.002554250360287302
11.799999999999999	0.0028878847925605067	0.0026921756771250576	0.002529662387732774
11.9	0.0028562435057944736	0.002664991590765142	0.0025052090232906975
12.	0.0028248054721005215	0.0026379614958849766	0.002480892844959881
12.1	0.0027935745831450393	0.002611088539686434	0.002456716323228879
12.2	0.00276255454604169	0.002584375738196733	0.002432681822455322
12.299999999999999	0.002731748885562242	0.0025578259776684736	0.0024087916022910816
12.4	0.002701160946482576	0.0025314420160605536	0.0023850478191501405
12.5	0.0026707938960551397	0.002505226484595406	0.00236145252771615
12.6	0.0026406507265991238	0.0024791818893879283	0.0023380076824866536
12.7	0.0026107342581998282	0.0024533106131415967	0.0023147151393510534
12.799999999999999	0.002581047141508831	0.002427614916907289	0.002291576657199448
12.9	0.002551591860636706	0.0024020969419004	0.002268593899559523
13.	0.0025223707361302565	0.002376758711371916	0.0022457684362587604
13.1	0.002493385928026368	0.0023516021325291794	0.002223101745109286
13.2	0.0024646394389748485	0.0023266289985021814	0.0022005952136127547
13.299999999999999	0.0024361331174227734	0.0023018409903512753	0.002178250140682749
13.4	0.0024078686608531115	0.002277239679112337	0.002156067738382223
13.5	0.0023798476190706195	0.0022528265278754685	0.0021340491336736245
13.6	0.0023520713975282224	0.00222860289389345	0.0021121953701793775
13.7	0.0023245412606873396	0.002204570030716267	0.0020905074099505116
13.799999999999999	0.0022972583354058584	0.0021807290903481298	0.0020689861352412805
13.9	0.002270223614347693	0.002157081125423517	0.0020476323502876983
14.	0.002243437959408114	0.0021336270913989066	0.0020264467830880023
14.1	0.0022169021051492927	0.002110367848756942	0.002005430087183129
14.2	0.0021906166622407356	0.0020873041652199396	0.0019845828434353644
14.299999999999999	0.002164582120899526	0.0020644367179697026	0.001963905561803402
14.4	0.0021387988543255846	0.0020417660958708082	0.001943398683112151
14.5	0.0021132671221273094	0.0020192928016945543	0.0019230625808156526
14.6	0.0020879870737332954	0.0019970172543409487	0.0019028975627515998
14.7	0.0020629587517860207	0.0019749397910562186	0.0018829038728860074
14.799999999999999	0.0020381820955136225	0.0019530606696434142	0.0018630816930466356
14.9	0.0020136569440761193	0.0019313800706638128	0.0018434311446438633
15.	0.0019893830398826856	0.0019098980996269722	0.0018239522903777928
15.1	0.0019653600318767644	0.00188861478916733	0.0018046451359303882
15.2	0.001941587478786054	0.0018675301012054247	0.0017855096316415754
15.299999999999999	0.0019180648523346047	0.001846643929091888	0.0017665456741682653
15.4	0.0018947915404144535	0.0018259560997324713	0.0017477531081253313
15.5	0.0018717668502144513	0.001805466375692486	0.0017291317277076507
15.6	0.0018489900113040998	0.0017851744572791276	0.001710681278292368
15.7	0.0018264601786704263	0.0017650799846002701	0.001692401458020605
15.799999999999999	0.0018041764357060884	0.0017451825395983964	0.001674291919357901
15.9	0.0017821377971470906	0.0017254816480584535	0.0016563522706327313
16.	0.0017603432119586476	0.0017059767815884906	0.0016385820775524937
16.1	0.0017387915661678905	0.0016866673595720358	0.0016209808646964132
16.200000000000003	0.0017174816856422928	0.001667552751091279	0.0016035481169848877
16.3	0.0016964123388127945	0.0016486322768201663	0.0015862832811248033
16.400000000000002	0.0016755822393407988	0.0016299052108866496	0.001569185767030447
16.5	0.0016549900487282947	0.0016113707827033635	0.0015522549492196528
16.6	0.001634634378870546	0.001593028178766124	0.0015354901681848877
16.700000000000003	0.0016145137945508547	0.0015748765444196782	0.0015188907317390111
16.8	0.0015946268158770665	0.0015569149855902376	0.0015024559163354977
16.900000000000002	0.0015749719206595639	0.0015391425704843668	0.0014861849683629334
17.	0.0015555475467306352	0.0015215583312539012	0.0014700771054136656
17.1	0.0015363520942051482	0.0015041612656265804	0.00145413151752648
17.200000000000003	0.001517383927682624	0.0014869503385022038	0.0014383473684032643
17.3	0.0014986413783908217	0.0014699244835141088	0.0014227237965995974
17.400000000000002	0.0014801227462710753	0.0014530826045558774	0.0014072599166892817
17.5	0.001461826302005694	0.001436423577273211	0.0013919548204028428
17.6	0.001443750288987772	0.001419946250520937	0.0013768075777400416
17.700000000000003	0.0014258929252338843	0.001403649447785212	0.0013618172380565024
17.8	0.001408252405240134	0.0013875319685709689	0.0013469828311245453
17.900000000000002	0.0013908269017821424	0.0013715925897547425	0.0013323033681683712
18.	0.0013736145676595843	0.001355830066903038	0.001317777842873758
18.1	0.0013566135373859049	0.0013402431355564	0.0013034052323724218
18.200000000000003	0.0013398219288240057	0.0013248305124794843	0.0012891844982012926
18.3	0.0013232378447684057	0.0013095908968772097	0.0012751145872367895
18.400000000000002	0.0013068593744751777	0.0012945229715776562	0.001261194432604608
18.5	0.0012906845951398062	0.001279625404181546	0.001247422954564908
18.6	0.001274711573324283	0.0012648968481789845	0.0012337990613734214
18.700000000000003	0.0012589383663343225	0.0012503359440338435	0.001220321650118768
18.8	0.0012433630235470022	0.001235941320235744	0.001206989607535944
18.900000000000002	0.0012279835876907752	0.0012217115943207936	0.0011938018107968558
19.	0.0012127980960777711	0.0012076453738607785	0.0011807571282776578
19.1	0.0011978045817899272	0.0011937412574216729	0.0011678544203035355
19.200000000000003	0.0011830010748197335	0.00117999783549181	0.0011550925398711848
19.3	0.0011683856031665643	0.0011664136913801817	0.0011424703333493141
19.400000000000002	0.0011539561938896006	0.0011529874020853737	0.0011299866411575458
19.5	0.0011397108741183061	0.0011397175391356243	0.0011176402984240522
19.6	0.001125647672021462	0.0011266026694005153	0.0011054301356223002
19.700000000000003	0.0011117646177357346	0.001113641355874809	0.0010933549791872566
19.8	0.0010980597442547806	0.0011008321584349587	0.0010814136521114413
19.900000000000002	0.0010845310882798605	0.00108817363456881	0.001069604974521179
20.	0.0010711766910329703	0.0010756643400790442	0.0010579277642334517
20.1	0.0010579945990334334	0.001063302829760872	0.001046380837293696
20.200000000000003	0.0010449828648389748	0.001051087658054553	0.0010349630084949644
20.3	0.001032139547752202	0.0010390173796732496	0.0010236730918787925
20.400000000000002	0.0010194627144934712	0.0010270905502067712	0.001012509901218175
20.5	0.0010069504398410993	0.001015305726701763	0.0010014722504830308
20.6	0.0009946008072398284	0.0010036614682188499	0.00099055895428852
20.700000000000003	0.0009824119093785088	0.0009921563363673135	0.000979768828326615
20.8	0.0009703818487378864	0.0009807888958178069	0.0009691006897812795
20.900000000000002	0.0009585087381094195	0.0009695577147936672	0.0009585533577276525
21.	0.0009467907010860013	0.0009584613655413437	0.0009481256535155931
21.1	0.0009352258725254771	0.0009474984247804789	0.0009378164011379693
21.200000000000003	0.000923812398987803	0.0009366674741341566	0.0009276244275840487
21.3	0.0009125484391467193	0.0009259671005398556	0.0009175485631783713
21.400000000000002	0.0009014321641767352	0.0009153958966415928	0.0009075876419054397
21.5	0.0008904617581162841	0.000904952461163802	0.0008977405017206207
21.6	0.0008796354182078099	0.0008946353992674131	0.0008880059848475738
21.700000000000003	0.0008689513552156021	0.0008844433228886593	0.0008783829380625871
21.8	0.0008584077937221317	0.0008743748510610836	0.0008688702129661511
21.900000000000002	0.0008480029724036428	0.0008644286102212313	0.0008594666662421119
22.	0.0008377351442857425	0.0008546032344985099	0.0008501711599047471
22.1	0.0008276025769797026	0.0008448973659896774	0.0008409825615340899
22.200000000000003	0.0008176035529001787	0.0008353096550184232	0.0008318997444998311
22.3	0.0008077363694650358	0.0008258387603804958	0.0008229215881741211
22.400000000000002	0.0007979993392779409	0.0008164833495748153	0.0008140469781335832
22.5	0.0007883907902943937	0.000807242099021022	0.0008052748063508628
22.6	0.0007789090659718117	0.0007981136942638714	0.0007966039713760008
22.700000000000003	0.000769552525404308	0.0007890968301649148	0.0007880333785079479
22.8	0.0007603195434427525	0.000780190211081862	0.0007795619399565049
22.900000000000002	0.0007512085108007113	0.0007713925510360394	0.0007711885749949811
23.	0.0007422178341468454	0.0007627025738683438	0.0007629122101038651
23.1	0.0007333459361842985	0.0007541190133840589	0.0007547317791057656
23.200000000000003	0.0007245912557176472	0.0007456406134869406	0.0007466462232919192
23.3	0.0007159522477079162	0.0007372661283029211	0.0007386544915405183
23.400000000000002	0.0007074273833161729	0.0007289943222937986	0.0007307555404271213
23.5	0.0006990151499362115	0.0007208239703612772	0.0007229483343274152
23.6	0.0006907140512167777	0.0007127538579416818	0.0007152318455125607
23.700000000000003	0.0006825226070738341	0.000704782781091709	0.0007076050542373881
23.8	0.000674439353693286	0.0006969095465655193	0.0007000669488216635
23.900000000000002	0.0006664628435246353	0.0006891329718835153	0.0006926165257246807
24.	0.0006585916452659546	0.0006814518853930926	0.0006852527896133845
24.1	0.0006508243438406218	0.0006738651263216927	0.0006779747534242734
24.200000000000003	0.0006431595403661904	0.000666371544822437	0.000670781438419282
24.3	0.0006355958521157912	0.0006589700020126377	0.0006636718742358658
24.400000000000002	0.0006281319124724337	0.0006516593700054701	0.0006566450989314957
24.5	0.0006207663708765643	0.0006444385319350719	0.000649700159022761
24.6	0.0006134978927672315	0.0006373063819753406	0.0006428361095192834
24.700000000000003	0.0006063251595171899	0.000630261825352686	0.0006360520139526312
24.8	0.0005992468683622726	0.0006233037783529934	0.0006293469444004274
24.900000000000002	0.0005922617323253323	0.0006164311683230302	0.0006227199815058231
25.	0.0005853684801350685	0.0006096429336665508	0.0006161702144925322
25.1	0.0005785658561400164	0.0006029380238353093	0.0006096967411755797
25.200000000000003	0.0005718526202179863	0.0005963153993152216	0.0006032986679679511
25.3	0.0005652275476812216	0.0005897740316078818	0.0005969751098832945
25.400000000000002	0.0005586894291775335	0.0005833129032076498	0.0005907251905348421
25.5	0.0005522370705876619	0.000576931007574506	0.0005845480421306996
25.6	0.0005458692929191106	0.0005706273491028825	0.0005784428054656639
25.700000000000003	0.0005395849321966766	0.0005644009430866491	0.0005724086299097038
25.8	0.0005333828393499082	0.0005582508156804478	0.0005664446733932555
25.900000000000002	0.0005272618800976969	0.000552176003857552	0.0005605501023894657
26.	0.000521220934830217	0.0005461755553644254	0.0005547240918935195
26.1	0.0005152588984884013	0.0005402485286721444	0.0005489658253991783
26.200000000000003	0.0005093746804411538	0.0005343939929248535	0.0005432744948726609
26.3	0.0005035672043604721	0.0005286110278854055	0.0005376493007239854
26.400000000000002	0.0004978354080946563	0.0005228987238783341	0.0005320894517758865
26.5	0.0004921782435397816	0.0005172561817303211	0.0005265941652304376
26.6	0.00048659467650957473	0.0005116825127082776	0.0005211626666334687
26.700000000000003	0.00048108368660387536	0.0005061768384551992	0.000515794189836909
26.8	0.00047564426707580245	0.000500738290923906	0.000510487976959141
26.900000000000002	0.0004702754246977863	0.0004953660123088103	0.0005052432783434773
27.	0.0004649761796265916	0.0004900591549758267	0.000500059352514857
27.1	0.0004597455652674641	0.0004848168813905456	0.0004949354661348521
27.200000000000003	0.000454582628137522	0.0004796383640447841	0.0004898708939550805
27.3	0.00044948642772851247	0.00047452278538162444	0.0004848649187691107
27.400000000000002	0.0004444560363690417	0.00046946933771904406	0.00047991683136294517
27.5	0.0004394905390863894	0.00046447722317224184	0.0004750259304641651
27.6	0.00043458903346800884	0.00045954565357475796	0.00047019152268981657
27.700000000000003	0.00042975062952280846	0.0004546738503984801	0.00046541292249311505
27.8	0.0004249744495423099	0.0004498610446726293	0.0004606894521090424
27.900000000000002	0.0004202596279617696	0.0004451064769018118	0.0004560204414989098
28.	0.0004156053112213467	0.00044040939698321903	0.00045140522829395383
28.1	0.00041101065762739916	0.00043576906412305894	0.00044684315773803324
28.200000000000003	0.0004064748372139858	0.00043118474675229784	0.00044233358262949575
28.3	0.0004019970316046363	0.0004266557224417778	0.00043787586326226566
28.400000000000002	0.00039757643387447277	0.00042218127781679484	0.00043346936736622676
28.5	0.0003932122484127319	0.00041776070847119267	0.0004291134700469455
28.6	0.00038890369078576167	0.00041339331888104924	0.00042480755372479987
28.700000000000003	0.00038464998760053893	0.0004090784223180083	0.0004205510080735594
28.8	0.0003804503763687716	0.0004048153407623231	0.00041634322995847333
28.900000000000002	0.00037630410537163584	0.00040060340481567125	0.00041218362337391715
29.	0.00037221043352518617	0.0003964419536137849	0.000408071599380637
29.1	0.0003681686302464997	0.0003923303347389627	0.0004040065760426487
29.200000000000003	0.0003641779753205872	0.0003882679041325051	0.0003999879783638279
29.3	0.0003602377587681155	0.00038425402600712484	0.00039601523822423845
29.400000000000002	0.0003563472807139724	0.00038028807275937145	0.00039208779431622987
29.5	0.0003525058512567239	0.0003763694248821296	0.00038820509208036143
29.6	0.0003487127903389755	0.0003724974708772092	0.000384366583641166
29.700000000000003	0.00034496742761869225	0.0003686716071680932	0.0003805717277428132
29.8	0.000341269102341487	0.00036489123801285986	0.0003768199896846888
29.900000000000002	0.0003376171632139098	0.00036115577541732404	0.0003731108412569294
30.	0.00033401096827776925	0.0003574646390484353	0.0003694437606759476
30.1	0.0003304498847854998	0.0003538172561479586	0.0003658182325199714
30.200000000000003	0.00032693328907659904	0.0003502130614464704	0.00036223374766462937
30.3	0.0003234605664551564	0.00034665149707770247	0.00035868980321861015
30.400000000000002	0.0003200311110684863	0.00034313201249325557	0.0003551859024594194
30.5	0.00031664432578688763	0.00033965406437771615	0.0003517215547692635
30.6	0.00031329962208453814	0.00033621711656419377	0.00034829627557107963
30.700000000000003	0.00030999641992153997	0.00033282063995030743	0.0003449095862647376
30.8	0.0003067341476271303	0.0003294641124146435	0.0003415610141634369
30.900000000000002	0.0003035122417840562	0.00032614701873369596	0.00033825009243030924
31.	0.00030033014711414397	0.00032286885049932974	0.000334976360015267
31.1	0.00029718731636504546	0.0003196291060367584	0.00033173936159209015
31.200000000000003	0.0002940832101981887	0.00031642729032307725	0.0003285386474957924
31.3	0.0002910172970779273	0.0003132629149063531	0.00032537377366026845
31.400000000000002	0.00028798905316189567	0.0003101354978252912	0.0003222443015562448
31.5	0.00028499796219257816	0.00030704456352949555	0.0003191497981295492
31.6	0.00028204351539008553	0.00030398964280032903	0.000316089835739709
31.700000000000003	0.00027912521134615116	0.0003009702726723929	0.0003130639920988975
31.8	0.00027624255591934035	0.00029798599635563164	0.0003100718502112358
31.900000000000002	0.00027339506213147527	0.00029503636315807565	0.0003071129983124656
32.	0.00027058225006527513	0.0002921209284092306	0.0003041870298100017
32.1	0.0002678036467632128	0.00028923925338412515	0.0003012935432233792
32.2	0.00026505878612758077	0.0002863909052280203	0.00029843214212509945
32.300000000000004	0.0002623472088217598	0.0002835754568817841	0.0002956024350818822
32.4	0.0002596684621727124	0.0002807924870079609	0.0002928040355963525
32.5	0.00025702210007465617	0.0002780415799175049	0.00029003656204913713
32.6	0.0002544076828939486	0.00027532232549721354	0.00028729963764140726
32.7	0.0002518247773751596	0.0002726343191378517	0.00028459289033786
32.800000000000004	0.00024927295654833515	0.000269977161662975	0.0002819159528101504
32.9	0.0002467517996374335	0.00026735045925844754	0.000279268462380772
33.	0.00024426089196994696	0.0002647538234026718	0.0002766500609674052
33.1	0.00024179982488768632	0.0002621868707975203	0.0002740603950277263
33.2	0.00023936819565872672	0.0002596492232999753	0.0002714991155046863
33.300000000000004	0.00023696560739051013	0.00025714050785448036	0.000268965877772265
33.4	0.00023459166894409036	0.0002546603564259998	0.00026646034158170074
33.5	0.00023224599484951953	0.000252208405933792	0.0002639821710082024
33.6	0.00022992820522235792	0.000249784298185888	0.0002615310343981409
33.7	0.0002276379256813165	0.0002473876798142931	0.0002591066043167362
33.800000000000004	0.00022537478726699883	0.00024501820221088606	0.0002567085574962223
33.9	0.0002231384263617541	0.00024267552146403542	0.000254336574784509
34.	0.00022092848461061922	0.00024035929829592073	0.00025199034109433236
34.1	0.0002187446088433492	0.00023806919800056303	0.00024966954535290113
34.2	0.00021658645099751885	0.00023580489038255801	0.0002473738804520352
34.300000000000004	0.00021445366804268974	0.00023356604969651222	0.00024510304319879923
34.4	0.00021234592190563315	0.0002313523545871801	0.00024285673426663264
34.5	0.00021026287939659584	0.00022916348803029752	0.00024063465814697365
34.6	0.00020820421213660044	0.00022699913727411002	0.00023843652310137942
34.7	0.00020616959648577041	0.00022485899378159245	0.00023626204111414117
34.800000000000004	0.0002041587134726676	0.00022274275317335631	0.00023411092784539342
34.9	0.00020217124872463292	0.00022065011517124144	0.00023198290258471784
35.	0.00020020689239911942	0.0002185807835425878	0.00022987768820523861
35.1	0.00019826533911600442	0.0002165344660451822	0.0002277950111182088
35.2	0.00019634628789088053	0.0002145108743728842	0.00022573460122809314
35.300000000000004	0.00019444944206929344	0.0002125097241019075	0.00022369619188812836
35.4	0.000192574509261941	0.00021053073463777689	0.00022167951985638105
35.5	0.00019072120128080442	0.00020857362916293717	0.0002196843252522853
35.6	0.00018888923407620915	0.00020663813458501908	0.000217710351513666
35.7	0.0001870783276748017	0.0002047239814857532	0.00021575734535424183
35.800000000000004	0.0001852882061184332	0.0002028309040705293	0.0002138250567216087
35.9	0.00018351859740393527	0.0002009586401185924	0.00021191323875569698
36.	0.0001817692334237846	0.0001991069309338768	0.00021002164774770664
36.1	0.00018003984990763695	0.0001972755212964659	0.000208150043099511
36.2	0.00017833018636472577	0.00019546415941467676	0.00020629818728353034
36.300000000000004	0.00017663998602711028	0.0001936725968777607	0.0002044658458030695
36.4	0.0001749689957937694	0.0001919005886092235	0.00020265278715312485
36.5	0.00017331696617552033	0.00019014789282073522	0.00020085878278163584
36.6	0.00017168365124076106	0.00018841427096666873	0.0001990836070512173
36.7	0.00017006880856202034	0.00018669948769920892	0.0001973270372013237
36.800000000000004	0.00016847219916330634	0.00018500331082406401	0.00019558885331087407
36.9	0.0001668935874682446	0.0001833255112567595	0.00019386883826132316
37.	0.00016533274124899054	0.00018166586297950748	0.00019216677770017267
37.1	0.00016378943157591578	0.0001800241429986553	0.00019048246000492983
37.2	0.00016226343276804433	0.00017840013130269162	0.00018881567624749366
37.300000000000004	0.0001607545223442413	0.00017679361082083075	0.00018716622015898965
37.4	0.00015926248097513499	0.00017520436738211964	0.0001855338880950064
37.5	0.00015778709243576686	0.0001736321896751342	0.00018391847900129244
37.6	0.00015632814355896006	0.00017207686920819135	0.0001823197943798522
37.7	0.00015488542418939209	0.00017053820027010787	0.00018073763825546802
37.800000000000004	0.00015345872713836542	0.00016901597989148954	0.00017917181714263678
37.9	0.00015204784813926852	0.0001675100078065487	0.00017762214001291964
38.	0.00015065258580370847	0.0001660200864154366	0.00017608841826269477
38.1	0.0001492727415783184	0.00016454602074709486	0.00017457046568131881
38.2	0.00014790811970221917	0.00016308761842261186	0.00017306809841968477
38.300000000000004	0.00014655852716513276	0.00016164468961908304	0.00017158113495917773
38.4	0.00014522377366613475	0.0001602170470339667	0.00017010939608102187
38.5	0.00014390367157303787	0.0001588045058499305	0.00016865270483601595
38.6	0.000142598035882398	0.000157406883700184	0.00016721088651465386
38.7	0.0001413066841801328	0.00015602400063428908	0.0001657837686176255
38.800000000000004	0.00014002943660274423	0.00015465567908444427	0.0001643711808266939
38.9	0.00013876611579913533	0.00015330174383223566	0.0001629729549759453
39.	0.00013751654689301597	0.0001519620219758521	0.00016158892502340924
39.1	0.00013628055744588382	0.0001506363428977542	0.00016021892702304224
39.2	0.00013505797742057696	0.00014932453823279576	0.000158862799097074
39.300000000000004	0.0001338486391453848	0.00014802644183678853	0.0001575203814087093
39.4	0.00013265237727871595	0.00014674188975550979	0.00015619151613518645
39.5	0.00013146902877430512	0.00014547072019413903	0.00015487604744118078
39.6	0.00013029843284696123	0.00014421277348712793	0.00015357382145255862
39.7	0.000129140430938841	0.00014296789206849056	0.00015228468623046994
39.800000000000004	0.00012799486668624443	0.00014173592044251264	0.000151008491745781
39.9	0.00012686158588692212	0.0001405167051548725	0.00014974508985384044
40.	0.0001257404364678876	0.00013931009476416903	0.00014849433426957588
40.1	0.000124631268453728	0.00013811593981385233	0.0001472560805429183
40.2	0.00012353393393540224	0.0001369340928045494	0.00014603018603454788
40.300000000000004	0.00012244828703952482	0.00013576440816678317	0.00014481650989196115
40.4	0.0001213741838981215	0.00013460674223407564	0.00014361491302585164
40.5	0.00012031148261885411	0.0001334609532164333	0.00014242525808680362
40.6	0.00011926004325570783	0.00013232690117420985	0.0001412474094422951
40.7	0.0001182197277801277	0.00013120444799233653	0.00014008123315400212
40.800000000000004	0.00011719040005260601	0.00013009345735492232	0.00013892659695540768
40.9	0.00011617192579470817	0.0001289937947202137	0.00013778337022970629
41.	0.0001151641725615298	0.00012790532729590985	0.00013665142398800137
41.1	0.00011416700971458349	0.00012682792401483192	0.00013553063084779544
41.2	0.00011318030839510317	0.00012576145551093724	0.000134420865011765
41.300000000000004	0.00011220394149776202	0.00012470579409567606	0.0001333220022468192
41.4	0.00011123778364479682	0.00012366081373468485	0.00013223391986343742
41.5	0.00011028171116053615	0.00012262639002481588	0.00013115649669528609
41.6	0.00010933560204631761	0.00012160240017148985	0.00013008961307910385
41.7	0.00010839933595579991	0.00012058872296637847	0.00012903315083486171
41.800000000000004	0.00010747279417064916	0.00011958523876539889	0.0001279869932461826
41.9	0.00010655585957660931	0.00011859182946703048	0.00012695102504103038
42.	0.00010564841663993885	0.00011760837849093783	0.00012592513237265462
42.1	0.0001047503513842123	0.00011663477075690091	0.0001249092028007924
42.2	0.00010386155136748104	0.0001156708926640468	0.00012390312527312244
42.300000000000004	0.00010298190565978897	0.00011471663207038094	0.0001229067901069711
42.4	0.00010211130482103369	0.00011377187827260999	0.0001219200889712631
42.5	0.00010124964087917073	0.00011283652198625457	0.00012094291486871549
42.6	0.0001003968073087554	0.00011191045532604818	0.00011997516211827344
42.7	0.00009955269900981643	0.00011099357178661746	0.00011901672633778271
42.800000000000004	0.00009871721228705485	0.00011008576622343904	0.00011806750442689574
42.9	0.00009789024482936511	0.00010918693483407054	0.00011712739455020942
43.	0.00009707169568967176	0.00010829697513965045	0.00011619629612063029
43.1	0.00009626146526507915	0.00010741578596666582	0.00011527410978296699
43.2	0.00009545945527732475	0.00010654326742897889	0.00011436073739774173
43.300000000000004	0.00009466556875353678	0.00010567932091011522	0.00011345608202522452
43.4	0.00009387971000728558	0.00010482384904580303	0.00011256004790968034
43.5	0.00009310178461993142	0.00010397675570676795	0.00011167254046383422
43.6	0.00009233169942225467	0.00010313794598177024	0.00011079346625354262
43.7	0.00009156936247637249	0.00010230732616088933	0.00010992273298267595
43.800000000000004	0.00009081468305793303	0.00010148480371904763	0.00010906024947820538
43.9	0.0000900675716385833	0.00010067028729977114	0.0001082059256754923
44.	0.00008932793986870654	0.00009986368669918313	0.00010735967260377704
44.1	0.00008859570056042583	0.00009906491285022889	0.00010652140237186583
44.2	0.00008787076767086816	0.00009827387780712652	0.00010569102815401151
44.300000000000004	0.00008715305628568644	0.00009749049473004188	0.00010486846417598701
44.4	0.00008644248260283347	0.00009671467786998316	0.0001040536257013474
44.5	0.00008573896391658572	0.00009594634255391311	0.0001032464290178794
44.6	0.00008504241860181089	0.00009518540517007423	0.0001024467914242344
44.7	0.00008435276609847961	0.00009443178315352728	0.00010165463121674558
44.800000000000004	0.00008366992689640974	0.00009368539497189371	0.00010086986767642082
44.9	0.00008299382252024897	0.0000929461601113068	0.00010009242105611641
45.	0.00008232437551468381	0.00009221399906256158	0.00009932221256788236
45.1	0.00008166150942987669	0.00009148883330746557	0.00009855916437048203
45.2	0.0000810051488071254	0.00009077058530538493	0.00009780319955708097
45.300000000000004	0.00008035521916474024	0.00009005917847998261	0.00009705424214310247
45.4	0.00007971164698413816	0.00008935453720614815	0.00009631221705424965
45.5	0.00007907435969614892	0.00008865658679711466	0.00009557705011469028
45.6	0.00007844328566753008	0.00008796525349176098	0.00009484866803540298
45.7	0.00007781835418768526	0.00008728046444209334	0.00009412699840267964
45.800000000000004	0.00007719949545558952	0.00008660214770091146	0.00009341196966678892
45.9	0.00007658664056690661	0.00008593023220964458	0.00009270351113078793
46.	0.00007597972150131048	0.00008526464778636947	0.00009200155293949327
46.1	0.00007537867110999156	0.00008460532511399274	0.00009130602606859543
46.2	0.0000747834231033576	0.0000839521957286069	0.00009061686231392582
46.300000000000004	0.00007419391203892035	0.00008330519200801215	0.0000899339942808685
46.4	0.00007361007330936418	0.00008266424716040085	0.00008925735537391529
46.5	0.00007303184313079738	0.00008202929521320532	0.00008858687978636372
46.6	0.0000724591585311799	0.0000814002710021041	0.0000879225024901548
46.7	0.0000718919573389274	0.0000807771101601859	0.0000872641592258491
46.800000000000004	0.00007133017817168694	0.00008015974910726805	0.00008661178649273924
46.9	0.00007077376042528209	0.00007954812503936714	0.00008596532153909637
47.	0.00007022264426282445	0.0000789421759183194	0.00008532470235254877
47.1	0.00006967677060399171	0.00007834184046155135	0.00008468986765059323
47.2	0.00006913608111446334	0.00007774705813199246	0.0000840607568712319
47.300000000000004	0.00006860051819552004	0.00007715776912813598	0.00008343731016374031
47.4	0.00006807002497379539	0.00007657391437423705	0.00008281946837955688
47.5	0.00006754454529118406	0.00007599543551065297	0.0000822071730632984
47.6	0.00006702402369490146	0.00007542227488432038	0.00008160036644389712
47.7	0.00006650840542769159	0.00007485437553936717	0.00008099899142585726
47.800000000000004	0.00006599763641818242	0.00007429168120785801	0.00008040299158063049
47.9	0.00006549166327138572	0.00007373413630067178	0.00007981231113810848
48.	0.00006499043325933897	0.0000731816858985078	0.00007922689497823028
48.1	0.00006449389431188843	0.00007263427574302101	0.00007864668862270465
48.2	0.00006400199500760626	0.0000720918522280794	0.00007807163822684109
48.300000000000004	0.0000635146845648489	0.00007155436239115028	0.00007750169057149627
48.4	0.00006303191283294413	0.00007102175390480436	0.00007693679305512539
48.5	0.00006255363028351202	0.00007049397506834228	0.0000763768936859431
48.6	0.00006207978800191337	0.00006997097479953789	0.00007582194107418894
48.7	0.00006161033767882857	0.00006945270262650126	0.00007527188442449996
48.800000000000004	0.00006114523160195686	0.00006893910867965204	0.00007472667352838218
48.9	0.0000606844226478435	0.00006843014368381045	0.00007418625875678764
49.	0.00006022786427382537	0.00006792575895039717	0.00007365059105278911
49.1	0.00005977551051009787	0.00006742590636974499	0.00007311962192435541
49.2	0.00005932731595189733	0.00006693053840351682	0.00007259330343722213
49.300000000000004	0.000058883235751800485	0.00006643960807723172	0.00007207158820785956
49.4	0.00005844322561213823	0.0000659530689728965	0.00007155442939653603
49.5	0.00005800724177752008	0.00006547087522173965	0.00007104178070047299
49.6	0.00005757524102747001	0.00006499298149704823	0.00007053359634709337
49.7	0.000057147180669170115	0.00006451934300710481	0.00007002983108735996
49.800000000000004	0.00005672301853031203	0.00006404991548822412	0.00006953044018920413
49.9	0.00005630271295205278	0.0000635846551978866	0.000069035379431042
50.	0.00005588622278207477	0.00006312351890796889	0.00006854460509537818
50.1	0.00005547350736774737	0.00006266646389806853	0.00006805807396249535
50.2	0.00005506452654938912	0.0000622134479489224	0.00006757574330422805
50.300000000000004	0.00005465924065362829	0.00006176442933591682	0.00006709757087782025
50.4	0.0000542576104868612	0.00006131936682268858	0.00006662351491986502
50.5	0.0000538595973288061	0.0000608782196548154	0.00006615353414032567
50.6	0.00005346516292615116	0.00006044094755359409	0.00006568758771663645
50.7	0.00005307426948629508	0.00006000751070990538	0.00006522563528788226
50.800000000000004	0.000052686879671179706	0.00005957786977816479	0.00006476763694905638
50.9	0.000052302956591211775	0.00005915198587035702	0.00006431355324539467
51.	0.00005192246379927322	0.000058729820550153316	0.0000638633451667851
51.1	0.00005154536528481941	0.00005831133582711128	0.00006341697414225268
51.2	0.000051171625468062124	0.00005789649415095428	0.00006297440203451696
51.300000000000004	0.00005080120919423767	0.000057485258405931014	0.00006253559113462273
51.4	0.00005043408172795834	0.00005707759190525313	0.00006210050415664234
51.5	0.00005007020874764398	0.00005667345838560861	0.00006166910423244687
51.6	0.00004970955634003691	0.00005627282200175343	0.00006124135490654948
51.7	0.00004935209099479357	0.000055875647321175764	0.00006081722013101484
51.800000000000004	0.0000489977795991564	0.00005548189931883574	0.000060396664260438066
51.9	0.00004864658943270034	0.000055091543371975844	0.00005997965204698828
52.	0.0000482984881621577	0.00005470454525500523	0.00005956614863552024
52.1	0.000047953443836314746	0.00005432087113445205	0.00005915611955874827
52.2	0.000047611424880984584	0.00005394048756398792	0.00005874953073248666
52.300000000000004	0.000047272400094049495	0.00005356336147951824	0.00005834634845095054
52.4	0.00004693633864057642	0.000053189460194342	0.00005794653938212076
52.5	0.00004660321004800188	0.00005281875139437717	0.00005755007056316928
52.6	0.0000462729842013852	0.00005245120313345145	0.00005715690939594467
52.7	0.00004594563133873106	0.00005208678382865849	0.000056767023642518086
52.800000000000004	0.000045621122046377266	0.00005172546225577649	0.00005638038142078686
52.9	0.00004529942725445012	0.000051367207544750915	0.000055996951200137255
53.	0.00004498051823238266	0.000051011989175237356	0.00005561670179716285
53.1	0.00004466436658449873	0.00005065977697220698	0.000055239602371440696
53.2	0.00004435094424565868	0.000050310541101610964	0.000054865622421362366
53.300000000000004	0.000044040223476966836	0.00004996425206610382	0.000054494731780019234
53.4	0.00004373217686154156	0.00004962088070082657	0.00005412690061114335
53.5	0.000043426777300342324	0.00004928039816924455	0.000053762099405098964
53.6	0.000043123998008059515	0.0000489427759590451	0.00005340029897492968
53.7	0.00004282381250906009	0.00004860798587808901	0.00005304147045245542
53.800000000000004	0.00004252619463339047	0.00004827600005041661	0.0000526855852844202
53.9	0.000042231118512837676	0.00004794679091230986	0.00005233261522869206
54.	0.00004193855857704407	0.00004762033120840595	0.000051982532350510704
54.1	0.00004164848954967841	0.00004729659398786489	0.00005163530901878564
54.2	0.000041360886444659725	0.00004697555260058806	0.00005129091790244164
54.300000000000004	0.000041075724562435186	0.00004665718069348852	0.000050949331966812474
54.4	0.00004079297948630941	0.00004634145220681111	0.00005061052447008106
54.5	0.000040512627078825465	0.000046028341370502125	0.000050274468959765945
54.6	0.00004023464347819818	0.00004571782270062954	0.00004994113926925494
54.7	0.00003995900509479445	0.00004540987099584868	0.00004961050951438114
54.800000000000004	0.00003968568860766556	0.00004510446133391802	0.00004928255409004604
54.9	0.00003941467096112645	0.00004480156906826027	0.00004895724766688468
55.	0.0000391459293613828	0.000044501169824569974	0.00004863456518797466
55.1	0.000038879441273206125	0.00004420323949746734	0.0000483144818655882
55.2	0.00003861518441665387	0.00004390775424719571	0.000047996973177985286
55.300000000000004	0.0000383531367638361	0.000043614690496364275	0.00004768201486624908
55.4	0.00003809327653572685	0.000043324024926734	0.000047369582931161966
55.5	0.00003783558219901957	0.00004303573447604633	0.00004705965363012178
55.6	0.00003758003246302615	0.00004274979633489438	0.000046752203474097816
55.7	0.00003732660627661911	0.00004246618794363591	0.0000464472092246263
55.800000000000004	0.00003707528282521651	0.00004218488698934783	0.000046144647890844704
55.9	0.000036826041527807285	0.0000419058714028202	0.00004584449672656344
56.	0.00003657886203401874	0.000041629119355591156	0.00004554673322737587
56.1	0.000036333724221224175	0.00004135460925702096	0.00004525133512780531
56.2	0.00003609060819169036	0.000041082319751404916	0.00004495828039848872
56.300000000000004	0.00003584949426976421	0.00004081222971512458	0.00004466754724339628
56.4	0.000035610362999097774	0.00004054431825383625	0.0000443791140970864
56.5	0.0000353731951399123	0.00004027856469969775	0.00004409295962199669
56.6	0.000035137971666298426	0.0000400149486086305	0.00004380906270576843
56.7	0.000034904673763554724	0.00003975344975761909	0.000043527402458606357
56.800000000000004	0.000034673282825561986	0.000039494048142045734	0.00004324795821067147
56.9	0.000034443780452192885	0.00003923672397305965	0.0000429707095095069
57.	0.000034216148446758255	0.000038981457674981963	0.00004269563611749749
57.1	0.00003399036881348719	0.000038728229882744106	0.000042422718009360905
57.2	0.00003376642375504163	0.000038477021439359813	0.00004215193536967079
57.300000000000004	0.00003354429567006477	0.00003822781339343048	0.000041883268590411446
57.4	0.00003332396715076383	0.00003798058699668417	0.00004161669826856445
57.5	0.00003310542098052347	0.0000377353237015448	0.000041352205203724
57.6	0.000032888640131553526	0.000037492005158735194	0.00004108977039574427
57.7	0.000032673607762567754	0.000037250613214910386	0.00004082937504241569
57.800000000000004	0.000032460307216494056	0.00003701112991032213	0.00004057100053717077
57.9	0.000032248722018215595	0.00003677353747651392	0.00004031462846681898
58.	0.000032038835872342635	0.00003653781833404601	0.000040060240609310266
58.1	0.000031830632661014043	0.00003630395509025001	0.00003980781893152658
58.2	0.00003162409644172924	0.000036071930537013364	0.000039557345587101986
58.300000000000004	0.00003141921144520785	0.000035841727648591166	0.000039308802914268835
58.4	0.000031215962073279304	0.000035613329579447785	0.00003906217343373231
58.5	0.00003101433289680055	0.00003538671966212601	0.000038817439846571225
58.6	0.00003081430865360154	0.00003516188140514387	0.00003857458503216538
58.7	0.000030615874246457865	0.000034938798490918266	0.0000383335920461483
58.800000000000004	0.000030419014741091233	0.00003471745477371616	0.00003809444411838657
58.9	0.00003022371536419613	0.00003449783427763184	0.00003785712465098384
59.	0.000030029961501492855	0.000034279921194590106	0.00003762161721630985
59.1	0.000029837738695806654	0.00003406369988237561	0.000037387905555054404
59.2	0.000029647032645172677	0.000033849154862687656	0.000037155973574305605
59.300000000000004	0.000029457829200965133	0.00003363627081921914	0.000036925805345651484
59.4	0.000029270114366053258	0.00003342503259576203	0.00003669738510330675
59.5	0.00002908387429297874	0.00003321542519433435	0.00003647069724226048
59.6	0.000028899095282160575	0.00003300743377333427	0.00003624572631644954
59.7	0.00002871576378012115	0.000032801043645715493	0.00003602245703695265
59.800000000000004	0.00002853386637773733	0.00003259624027718743	0.000035800874270208145
59.9	0.00002835338980851409	0.00003239300928443787	0.000035580963036253385
60.	0.00002817432094688048	0.000032191336433378014	0.00003536270850698565
60.1	0.000027996646806508545	0.00003199120763741031	0.000035146096004445007
60.2	0.000027820354538655044	0.00003179260895571899	0.00003493111099911896
60.300000000000004	0.0000276454314305231	0.000031595526591580737	0.000034717739108266526
60.4	0.00002747186490364738	0.00003139994689069862	0.00003450596609426468
60.5	0.000027299642512299032	0.000031205856339555924	0.00003429577786297405
60.6	0.00002712875194191196	0.0000310132415637913	0.000034087160462125054
60.7	0.000026959181007530576	0.000030822089326595366	0.000033880100079724775
60.800000000000004	0.000026790917652276	0.00003063238652712587	0.00003367458304248181
60.9	0.000026623949945833996	0.000030444120198944502	0.00003347059581425191
61.	0.000026458266082961437	0.000030257277508472418	0.000033268124994501776
61.1	0.000026293854382013086	0.000030071845753466044	0.00003306715731679241
61.2	0.000026130703283487394	0.000029887812361511963	0.000032867679647280914
61.300000000000004	0.000025968801348590437	0.00002970516488854008	0.000032669678983239934
61.4	0.0000258081372578189	0.000029523891017355914	0.000032473142451595766
61.5	0.00002564869980956261	0.00002934397855619238	0.00003227805730748508
61.6	0.000025490477918722902	0.00002916541543727774	0.00003208441093282752
61.7	0.000025333460615350813	0.000028988189715423266	0.00003189219083491726
61.800000000000004	0.000025177637043301814	0.00002881228956662773	0.00003170138464503099
61.9	0.000025022996458908383	0.000028637703286699728	0.00003151198011705308
62.	0.000024869528229669348	0.000028464419289896972	0.00003132396512611727
62.1	0.000024717221832956576	0.000028292426107583005	0.00003113732766726525
62.2	0.000024566066854737487	0.000028121712386899976	0.00003095205585412087
62.300000000000004	0.000024416052988314902	0.00002795226688945878	0.00003076813791758118
62.4	0.000024267170033082676	0.000027784078490045166	0.000030585562204522926
62.5	0.00002411940789329669	0.000027617136175341494	0.00003040431717652448
62.6	0.00002397275657686278	0.000027451429042665333	0.000030224391408603856
62.7	0.000023827206194139112	0.000027286946298722903	0.000030045773587971385
62.800000000000004	0.000023682746956754423	0.000027123677258378445	0.00002986845251279783
62.9	0.000023539369176441004	0.00002696161134343856	0.000029692417090997038
63.	0.00002339706326388283	0.000026800738081451796	0.00002951765633902351
63.1	0.000023255819727577934	0.00002664104710452277	0.000029344159380684146
63.2	0.000023115629172716193	0.000026482528148141803	0.000029171915445965004
63.300000000000004	0.00002297648230006985	0.000026325171050027532	0.00002900091386987089
63.4	0.00002283836990489965	0.000026168965748985367	0.000028831144091280237
63.5	0.000022701282875873548	0.000026013902283778596	0.000028662595651812495
63.6	0.00002256521219400037	0.00002585997079201476	0.000028495258194710272
63.7	0.00002243014893157573	0.00002570716150904451	0.000028329121463733822
63.800000000000004	0.00002229608425114174	0.00002555546476687436	0.000028164175302069044
63.9	0.000022163009404460264	0.000025404870993093282	0.000028000409651248978
64.	0.000022030915731498582	0.000025255370709811882	0.000027837814550087697
64.1	0.0000218997946594279	0.00002510695453261469	0.000027676380133626983
64.19999999999999	0.0000217696377016345	0.000024959613169525285	0.00002751609663209557
64.3	0.000021640436456743342	0.00002481333741998406	0.000027356954369880772
64.39999999999999	0.00002151218260765378	0.000024668118173838396	0.000027198943764512283
64.5	0.0000213848679205876	0.000024523946410345338	0.00002704205532565823
64.6	0.000021258484244148712	0.000024380813197186235	0.00002688627965413293
64.69999999999999	0.000021133023508394493	0.000024238709689493124	0.000026731607440916213
64.8	0.000021008477723919315	0.000024097627128887645	0.000026578029466184984
64.89999999999999	0.000020884838980948667	0.000023957556842530783	0.000026425536598355527
65.	0.000020762099448445297	0.0000238184902421848	0.000026274119793137584
65.1	0.000020640251373225948	0.000023680418823286077	0.00002612377009259941
65.19999999999999	0.00002051928707908918	0.000023543334164029236	0.000025974478624243665
65.3	0.00002039919896595441	0.000023407227924462735	0.000025826236600094788
65.39999999999999	0.00002027997950901101	0.00002327209184559482	0.00002567903531579642
65.5	0.00002016162125787832	0.000023137917748510487	0.000025532866149719753
65.6	0.000020044116835776036	0.000023004697533499245	0.00002538772056208244
65.69999999999999	0.000019927458938704843	0.00002287242317919325	0.000025243590094077767
65.8	0.000019811640334636478	0.00002274108674171522	0.000025100466367013462
65.89999999999999	0.0000196966538627153	0.000022610680353837943	0.00002495834108146191
66.	0.000019582492432468022	0.000022481196224152382	0.00002481720601641881
66.1	0.000019469149023024345	0.00002235262663624683	0.00002467705302847283
66.19999999999999	0.00001935661668234614	0.000022224963947894887	0.000024537874050983858
66.3	0.000019244888526467446	0.000022098200590254446	0.00002439966109327218
66.39999999999999	0.000019133957738742213	0.000021972329067074827	0.000024262406239815695
66.5	0.00001902381756910272	0.000021847341953914664	0.000024126101649457727
66.6	0.00001891446133332557	0.00002172323189736775	0.00002399073955462275
66.69999999999999	0.000018805882412308178	0.000021599991614299537	0.000023856312260542578
66.8	0.000018698074251352845	0.000021477613891091557	0.000023722812144490426
66.89999999999999	0.00001859103035946028	0.00002135609158289549	0.00002359023165502455
67.	0.000018484744308631477	0.000021235417612895832	0.00002345856331124029
67.1	0.00001837920973317776	0.000021115584971581036	0.00002332779970203064
67.19999999999999	0.00001827442032904002	0.000020996586716024065	0.00002319793348535598
67.3	0.00001817036985311523	0.000020878415969170474	0.00002306895738752144
67.39999999999999	0.000018067052122592136	0.00002076106591913591	0.000022940864202463443
67.5	0.000017964461014293553	0.00002064452981851054	0.00002281364679104318
67.6	0.000017862590464028664	0.000020528800983673628	0.000022687298080350203
67.69999999999999	0.000017761434465951024	0.00002041387279411414	0.000022561811063011884
67.8	0.000017660987071925356	0.00002029973869176041	0.00002243717879651194
67.89999999999999	0.000017561242390902536	0.000020186392180318138	0.000022313394402517242
68.	0.000017462194588300605	0.00002007382682461481	0.00002219045106621092
68.1	0.0000173638378853945	0.000019962036249953004	0.00002206834203563438
68.19999999999999	0.000017266166558712566	0.000019851014141470713	0.000021947060621036262
68.3	0.000017169174939440183	0.000019740754243509084	0.000021826600194228743
68.39999999999999	0.00001707285741283083	0.000019631250358987833	0.00002170695418795154
68.5	0.000016977208417624332	0.000019522496348788026	0.00002158811609524312
68.6	0.000016882222445471204	0.000019414486131141348	0.00002147007946881855
68.69999999999999	0.000016787894040365297	0.00001930721368102771	0.000021352837920455418
68.8	0.00001669421779808165	0.00001920067302957853	0.000021236385120385616
68.89999999999999	0.000016601188365621948	0.00001909485826348776	0.000021120714796694715
69.	0.00001650880044066675	0.00001898976352442982	0.000021005820734728243
69.1	0.000016417048771033313	0.000018885383008483642	0.000020891696776504082
69.19999999999999	0.000016325928154140876	0.000018781710965564133	0.000020778336820132213
69.3	0.000016235433436481388	0.000018678741698859522	0.000020665734819240384
69.39999999999999	0.00001614555951309724	0.00001857646956427585	0.000020553884782406894
69.5	0.000016056301327064673	0.000018474888969887414	0.000020442780772599235
69.6	0.000015967653868983448	0.000018373994375393714	0.000020332416906619387
69.69999999999999	0.00001587961217647253	0.00001827378029158265	0.000020222787354555188
69.8	0.000015792171333671965	0.000018174241279800087	0.000020113886339238168
69.89999999999999	0.00001570532647074993	0.000018075371951425015	0.000020005708135706966
70.	0.000015619072763416465	0.00001797716696735135	0.00001989824707067732
70.1	0.000015533405432442395	0.00001787962103747539	0.000019791497522017773
70.19999999999999	0.00001544831974318362	0.00001778272892018881	0.000019685453918230953
70.3	0.000015363811005111844	0.00001768648542187826	0.000019580110737941307
70.39999999999999	0.00001527987457135	0.000017590885396429966	0.00001947546250938802
70.5	0.000015196505838213389	0.000017495923744740227	0.00001937150380992376
70.6	0.000015113700244756186	0.000017401595414231596	0.00001926822926551909
70.69999999999999	0.000015031453272323606	0.00001730789539837478	0.00001916563355027261
70.8	0.000014949760444108295	0.0000172148187362152	0.00001906371138592589
70.89999999999999	0.000014868617324712854	0.000017122360511905766	0.000018962457541384404
71.	0.000014788019519717143	0.000017030515854244677	0.000018861866832243766
71.1	0.00001470796267525045	0.000016939279936218356	0.0000187619341203209
71.19999999999999	0.00001462844247756864	0.000016848647974549575	0.00001866265431319052
71.3	0.000014549454652636561	0.00001675861522925101	0.00001856402236372708
71.39999999999999	0.000014470994965714772	0.0000166691770031834	0.000018466033269651278
71.5	0.000014393059220951423	0.00001658032864161905	0.000018368682073081955
71.6	0.000014315643260978717	0.00001649206553181012	0.00001827196386009282
71.69999999999999	0.000014238742966513808	0.000016404383102561614	0.00001817587376027389
71.8	0.000014162354255964947	0.000016317276823809738	0.00001808040694629829
71.89999999999999	0.000014086473085041328	0.00001623074220620432	0.000017985558633493184
72.	0.000014011095446367849	0.000016144774800696193	0.00001789132407941571
72.1	0.000013936217369104714	0.000016059370198129757	0.000017797698583434033
72.19999999999999	0.000013861834918570317	0.00001597452402883897	0.000017704677486311963
72.3	0.000013787944195869365	0.000015890231962248816	0.000017612256169799013
72.39999999999999	0.000013714541337525187	0.000015806489706481113	0.000017520430056224862
72.5	0.000013641622515115592	0.000015723293007964197	0.000017429194608097695
72.6	0.000013569183934913694	0.000015640637651047614	0.0000173385453277076
72.69999999999999	0.000013497221837532168	0.000015558519457620574	0.000017248477756733773
72.8	0.000013425732497572027	0.00001547693428673511	0.000017158987475856456
72.89999999999999	0.000013354712223275219	0.000015395878034233178	0.000017070070104372822
73.	0.000013284157356181006	0.00001531534663237787	0.000016981721299817057
73.1	0.000013214064270786582	0.000015235336049488908	0.000016893936757584716
73.19999999999999	0.000013144429374211286	0.00001515584228958209	0.000016806712210561097
73.3	0.000013075249105864682	0.000015076861392012697	0.000016720043428753604
73.39999999999999	0.000013006519937118495	0.000014998389431122952	0.000016633926218928216
73.5	0.000012938238370981943	0.000014920422515893162	0.000016548356424249637
73.6	0.000012870400941781334	0.000014842956789597176	0.000016463329923925858
73.69999999999999	0.00001280300421484263	0.00001476598842946114	0.000016378842632855972
73.8	0.000012736044786177867	0.000014689513646326201	0.000016294890501282136
73.89999999999999	0.000012669519282175091	0.000014613528684314965	0.00001621146951444514
74.	0.000012603424359292	0.00001453802982050182	0.00001612857569224399
74.1	0.000012537756703752545	0.000014463013364586451	0.00001604620508889874
74.19999999999999	0.000012472513031247396	0.000014388475658571321	0.000015964353792617264
74.3	0.000012407690086637548	0.00001431441307644257	0.000015883017925265537
74.39999999999999	0.000012343284643660938	0.000014240822023854074	0.00001580219364204112
74.5	0.000012279293504643092	0.000014167698937815665	0.00001572187713115084
74.6	0.000012215713500210368	0.000014095040286384195	0.000015642064613491353
74.69999999999999	0.000012152541489006684	0.000014022842568358234	0.000015562752342333365
74.8	0.00001208977435741324	0.000013951102312975936	0.00001548393660300914
74.89999999999999	0.000012027409019271364	0.000013879816079616241	0.00001540561371260333
75.	0.000011965442415608932	0.000013808980457503745	0.00001532778001964751
75.1	0.000011903871514368874	0.000013738592065415935	0.000015250431903817176
75.19999999999999	0.000011842693310141468	0.000013668647551394296	0.000015173565775632633
75.3	0.000011781904823899477	0.000013599143592458495	0.000015097178076162975
75.39999999999999	0.000011721503102735887	0.000013530076894323292	0.000015021265276732925
75.5	0.000011661485219604842	0.000013461444191118839	0.00001494582387863301
75.6	0.000011601848273065446	0.000013393242245114004	0.000014870850412832905
75.69999999999999	0.000011542589387028217	0.000013325467846442527	0.000014796341439697554
75.8	0.000011483705710504211	0.000013258117812832023	0.0000147222935487063
75.89999999999999	0.000011425194417357684	0.00001319118898933659	0.000014648703358175574
76.	0.000011367052706060278	0.000013124678248071281	0.00001457556751498354
76.1	0.000011309277799448687	0.000013058582487950061	0.000014502882694298296
76.19999999999999	0.000011251866944485321	0.00001299289863442696	0.00001443064559930925
76.3	0.000011194817412020356	0.000012927623639238846	0.000014358852960960235
76.39999999999999	0.000011138126496557746	0.000012862754480152213	0.000014287501537686653
76.5	0.00001108179151602276	0.000012798288160711728	0.000014216588115154438
76.6	0.000011025809811532519	0.000012734221709991905	0.000014146109506002207
76.69999999999999	0.000010970178747169479	0.00001267055218235183	0.000014076062549586465
76.8	0.000010914895709756261	0.000012607276657191522	0.000014006444111728552
76.89999999999999	0.000010859958108633818	0.00001254439223871162	0.00001393725108446495
77.	0.000010805363375442016	0.000012481896055675747	0.000013868480385800288
77.1	0.00001075110896390184	0.000012419785261174622	0.000013800128959462195
77.19999999999999	0.000010697192349601034	0.0000123580570323937	0.000013732193774659653
77.3	0.000010643611029780958	0.000012296708570382285	0.000013664671825843009
77.39999999999999	0.000010590362523126771	0.00001223573709982602	0.000013597560132467227
77.5	0.000010537444369559132	0.00001217513986882106	0.000013530855738757059
77.6	0.000010484854130028383	0.000012114914148650906	0.000013464555713474795
77.69999999999999	0.000010432589386311367	0.000012055057233565996	0.000013398657149690878
77.8	0.000010380647740809522	0.000011995566440564702	0.000013333157164555976
77.89999999999999	0.000010329026816350163	0.000011936439109177686	0.000013268052899076454
78.	0.00001027772425598933	0.000011877672601253903	0.000013203341517891507
78.1	0.000010226737722816683	0.000011819264300748874	0.000013139020209052704
78.19999999999999	0.000010176064899762755	0.000011761211613515386	0.000013075086183805903
78.3	0.000010125703489408348	0.000011703511967096504	0.00001301153667637561
78.39999999999999	0.000010075651213795473	0.000011646162810520248	0.000012948368943751008
78.5	0.000010025905814241104	0.000011589161614097226	0.000012885580265474984
78.6	9.976465051152041e-6	0.000011532505869219499	0.000012823167943434512
78.69999999999999	9.927326703842436e-6	0.000011476193088162268	0.0000127611293016538
78.8	9.878488570352733e-6	0.000011420220803887087	0.00001269946168608911
78.89999999999999	9.829948467271241e-6	0.00001136458656984781	0.000012638162464426281
79.	9.781704229556695e-6	0.000011309287959797715	0.000012577229025879553
79.1	9.73375371036362e-6	0.000011254322567599507	0.000012516658780993241
79.19999999999999	9.686094780868785e-6	0.000011199688007036582	0.000012456449161444806
79.3	9.638725330099895e-6	0.000011145381911626619	0.000012396597619850228
79.39999999999999	9.591643264766249e-6	0.000011091401934437264	0.000012337101629571568
79.5	9.544846509090569e-6	0.000011037745747903154	0.000012277958684525892
79.6	9.49833300464344e-6	0.000010984411043645615	0.000012219166298996928
79.69999999999999	9.452100710178714e-6	0.000010931395532293473	0.000012160722007447885
79.8	9.406147601471248e-6	0.000010878696943306341	0.000012102623364336804
79.89999999999999	9.360471671155914e-6	0.000010826313024799263	0.000012044867943933305
80.	9.315070928568796e-6	0.000010774241543369658	0.000011987453340137669
80.1	9.269943399589236e-6	0.000010722480283925315	0.000011930377166301057
80.19999999999999	9.225087126484637e-6	0.000010671027049515119	0.000011873637055048477
80.3	9.180500167756076e-6	0.000010619879661160826	0.000011817230658102838
80.39999999999999	9.136180597985595e-6	0.000010569035957690593	0.000011761155646110861
80.5	9.092126507685623e-6	0.000010518493795574718	0.000011705409708471189
80.6	9.048336003149351e-6	0.000010468251048762508	0.000011649990553163704
80.69999999999999	9.004807206303156e-6	0.000010418305608521255	0.000011594895906580974
80.8	8.961538254560182e-6	0.000010368655383276508	0.000011540123513361095
80.89999999999999	8.918527300675661e-6	0.00001031929829845419	0.000011485671136222357
81.	8.875772512603832e-6	0.00001027023229632442	0.000011431536555799717
81.1	8.83327207335617e-6	0.000010221455335846765	0.000011377717570482712
81.19999999999999	8.791024180860925e-6	0.00001017296539251687	0.000011324211996254824
81.3	8.74902704782472e-6	0.000010124760458215331	0.000011271017666535104
81.39999999999999	8.707278901594734e-6	0.000010076838541057185	0.000011218132432020521
81.5	8.665777984023284e-6	0.00001002919766524392	0.000011165554160530775
81.6	8.624522551332861e-6	9.981835870916079e-6	0.00001111328073685384
81.69999999999999	8.58351087398332e-6	9.934751214008088e-6	0.000011061310062593749
81.8	8.542741236539918e-6	9.887941766104044e-6	0.000011009640056019359
81.89999999999999	8.502211937543042e-6	9.841405614295287e-6	0.000010958268651915
82.	8.46192128937906e-6	9.795140861039233e-6	0.000010907193801432358
82.1	8.421867618152752e-6	9.7491456240198e-6	0.000010856413471944062
82.19999999999999	8.382049263560728e-6	9.70341803600905e-6	0.000010805925646898485
82.3	8.34246457876642e-6	9.657956244730371e-6	0.000010755728325676166
82.39999999999999	8.303111930276305e-6	9.612758412723069e-6	0.000010705819523447661
82.5	8.26398969781718e-6	9.567822717208106e-6	0.000010656197271032594
82.6	8.22509627421513e-6	9.523147349955588e-6	0.000010606859614760482
82.69999999999999	8.18643006527511e-6	9.478730517152972e-6	0.000010557804616332382
82.8	8.147989489662503e-6	9.434570439275382e-6	0.000010509030352684605
82.89999999999999	8.109772978785187e-6	9.390665350956486e-6	0.000010460534915853113
83.	8.071778976677345e-6	9.347013500861215e-6	0.000010412316412839727
83.1	8.034005939884145e-6	9.303613151559455e-6	0.000010364372965479438
83.19999999999999	7.996452337347653e-6	9.260462579401066e-6	0.000010316702710309005
83.3	7.95911665029396e-6	9.217560074392209e-6	0.000010269303798436944
83.39999999999999	7.921997372121408e-6	9.174903940072814e-6	0.000010222174395414725
83.5	7.885093008290107e-6	9.1324924933955e-6	0.00001017531268110937
83.6	7.848402076212287e-6	9.090324064605374e-6	0.000010128716849577106
83.69999999999999	7.81192310514393e-6	9.048396997121199e-6	0.0000100823851089383
83.8	7.775654636077616e-6	9.006709647417884e-6	0.000010036315681253861
83.89999999999999	7.739595221636085e-6	8.965260384909753e-6	9.990506802402376e-6
84.	7.703743425967367e-6	8.924047591835481e-6	9.944956721959015e-6
84.1	7.668097824640609e-6	8.883069663143795e-6	9.899663703075208e-6
84.19999999999999	7.632657004542819e-6	8.842325006380225e-6	9.854626022359464e-6
84.3	7.597419563777371e-6	8.8018120415756e-6	9.809841969759857e-6
84.39999999999999	7.562384111562509e-6	8.761529201134763e-6	9.765309848446948e-6
84.5	7.527549268131895e-6	8.721474929727271e-6	9.721027974698549e-6
84.6	7.492913664635245e-6	8.681647684178366e-6	9.676994677784932e-6
84.69999999999999	7.4584759430406156e-6	8.64204593336163e-6	9.63320829985571e-6
84.8	7.424234756037346e-6	8.602668158092395e-6	9.589667195827487e-6
84.89999999999999	7.390188766940213e-6	8.563512851022403e-6	9.546369733272856e-6
85.	7.3563366495941085e-6	8.524578516535158e-6	9.503314292310073e-6
85.1	7.322677088280246e-6	8.485863670642744e-6	9.460499265494272e-6
85.19999999999999	7.289208777622686e-6	8.447366840883219e-6	9.417923057709278e-6
85.3	7.25593042249641e-6	8.409086566219447e-6	9.37558408606091e-6
85.39999999999999	7.222840737935899e-6	8.371021396938654e-6	9.333480779771006e-6
85.5	7.1899384490446425e-6	8.3331698945529e-6	9.291611580072465e-6
85.6	7.157222290905795e-6	8.295530631700849e-6	9.249974940105575e-6
85.69999999999999	7.124691008493386e-6	8.258102192050072e-6	9.208569324814932e-6
85.8	7.092343356584773e-6	8.220883170200762e-6	9.16739321084778e-6
85.89999999999999	7.060178099673613e-6	8.183872171589974e-6	9.126445086452985e-6
86.	7.028194011883937e-6	8.147067812397072e-6	9.085723451381154e-6
86.1	6.99638987688498e-6	8.110468719449989e-6	9.04522681678569e-6
86.19999999999999	6.964764487806868e-6	8.074073530132418e-6	9.004953705124745e-6
86.3	6.933316647157057e-6	8.037880892291825e-6	8.964902650064085e-6
86.39999999999999	6.902045166737797e-6	8.001889464148572e-6	8.925072196381077e-6
86.5	6.870948867564099e-6	7.966097914205574e-6	8.885460899869255e-6
86.6	6.840026579783035e-6	7.930504921159402e-6	8.846067327244326e-6
86.69999999999999	6.80927714259299e-6	7.895109173811359e-6	8.806890056050253e-6
86.8	6.77869940416465e-6	7.85990937098042e-6	8.767927674567192e-6
86.89999999999999	6.748292221562009e-6	7.824904221416196e-6	8.729178781719498e-6
87.	6.71805446066463e-6	7.790092443713244e-6	8.690641986985108e-6
87.1	6.687984996090492e-6	7.755472766226039e-6	8.652315910305617e-6
87.19999999999999	6.658082711119441e-6	7.721043926984604e-6	8.614199181997077e-6
87.3	6.628346497617743e-6	7.686804673611295e-6	8.576290442661921e-6
87.39999999999999	6.5987752559629375e-6	7.652753763237986e-6	8.53858834310141e-6
87.5	6.569367894969822e-6	7.618889962424394e-6	8.50109154422917e-6
87.6	6.5401233318170695e-6	7.585212047077142e-6	8.463798716985517e-6
87.69999999999999	6.511040491974163e-6	7.551718802369205e-6	8.42670854225228e-6
87.8	6.482118309129706e-6	7.51840902266075e-6	8.389819710768905e-6
87.89999999999999	6.4533557251199044e-6	7.485281511420258e-6	8.353130923049018e-6
88.	6.424751689857769e-6	7.4523350811464e-6	8.316640889297683e-6
88.1	6.396305161263563e-6	7.419568553291208e-6	8.280348329330005e-6
88.19999999999999	6.368015105194998e-6	7.386980758183094e-6	8.244251972489658e-6
88.3	6.339880495379125e-6	7.354570534951575e-6	8.208350557569072e-6
88.39999999999999	6.311900313343946e-6	7.3223367314518325e-6	8.172642832729565e-6
88.5	6.284073548351432e-6	7.290278204190649e-6	8.13712755542283e-6
88.6	6.256399197330562e-6	7.25839381825255e-6	8.10180349231269e-6
88.69999999999999	6.228876264811616e-6	7.226682447227124e-6	8.066669419198022e-6
88.8	6.20150376286062e-6	7.195142973136651e-6	8.031724120936085e-6
88.89999999999999	6.174280711014573e-6	7.163774286364508e-6	7.996966391366591e-6
89.	6.147206136217549e-6	7.132575285584538e-6	7.962395033236788e-6
89.1	6.1202790727568154e-6	7.101544877690473e-6	7.928008858126683e-6
89.19999999999999	6.093498562200229e-6	7.07068197772672e-6	7.893806686375546e-6
89.3	6.066863653333825e-6	7.0399855088193315e-6	7.859787347008751e-6
89.39999999999999	6.0403734021001274e-6	7.009454402107829e-6	7.825949677665402e-6
89.5	6.014026871536942e-6	6.979087596677489e-6	7.792292524526513e-6
89.6	5.987823131716994e-6	6.9488840394925885e-6	7.758814742244132e-6
89.69999999999999	5.961761259687808e-6	6.918842685329907e-6	7.7255151938708e-6
89.8	5.935840339412422e-6	6.888962496713114e-6	7.69239275078988e-6
89.89999999999999	5.910059461710473e-6	6.859242443847615e-6	7.659446292646396e-6
90.	5.884417724200029e-6	6.8296815045561464e-6	7.62667470727863e-6
90.1	5.85891423123987e-6	6.80027866421491e-6	7.5940768906503245e-6
90.19999999999999	5.833548093872217e-6	6.771032915690181e-6	7.5616517467833395e-6
90.3	5.8083184297661665e-6	6.741943259275689e-6	7.529398187691141e-6
90.39999999999999	5.783224363161708e-6	6.7130087026306105e-6	7.497315133312934e-6
90.5	5.758265024814027e-6	6.68422826071791e-6	7.465401511448131e-6
90.6	5.733439551938602e-6	6.65560095574353e-6	7.433656257691747e-6
90.69999999999999	5.708747088156443e-6	6.627125817095755e-6	7.40207831536997e-6
90.8	5.684186783440428e-6	6.59880188128573e-6	7.370666635476905e-6
90.89999999999999	5.659757794061637e-6	6.570628191888013e-6	7.339420176611382e-6
91.	5.6354592825362455e-6	6.5426037994817565e-6	7.3083379049144765e-6
91.1	5.611290417573393e-6	6.514727761592885e-6	7.277418794007927e-6
91.19999999999999	5.587250374022817e-6	6.4869991426360976e-6	7.24666182493254e-6
91.3	5.563338332823513e-6	6.4594170138579395e-6	7.216065986087603e-6
91.39999999999999	5.539553480952714e-6	6.431980453280243e-6	7.185630273170727e-6
91.5	5.515895011375388e-6	6.404688545644122e-6	7.1553536891182544e-6
91.6	5.492362122994e-6	6.377540382354282e-6	7.125235244046019e-6
91.69999999999999	5.468954020599017e-6	6.350535061424116e-6	7.095273955190918e-6
91.8	5.445669914819841e-6	6.323671687421258e-6	7.06546884685294e-6
91.89999999999999	5.42250902207595e-6	6.296949371413441e-6	7.035818950337575e-6
92.	5.3994705645287435e-6	6.270367230915012e-6	7.006323303898846e-6
92.1	5.376553770033887e-6	6.243924389834073e-6	6.976980952683029e-6
92.19999999999999	5.353757872093774e-6	6.21761997841973e-6	6.947790948672506e-6
92.3	5.331082109810688e-6	6.191453133210119e-6	6.918752350630401e-6
92.39999999999999	5.308525727840407e-6	6.165422996980894e-6	6.8898642240457064e-6
92.5	5.286087976346173e-6	6.139528718694106e-6	6.861125641078842e-6
92.6	5.2637681109529875e-6	6.113769453447506e-6	6.8325356805076294e-6
92.69999999999999	5.241565392702442e-6	6.088144362424345e-6	6.804093427673831e-6
92.8	5.2194790880080935e-6	6.062652612843843e-6	6.775797974430335e-6
92.89999999999999	5.197508468610944e-6	6.037293377911722e-6	6.747648419088458e-6
93.	5.175652811535631e-6	6.012065836771549e-6	6.719643866366069e-6
93.1	5.153911399046715e-6	5.986969174456189e-6	6.69178342733585e-6
93.19999999999999	5.132283518605801e-6	5.962002581840122e-6	6.664066219374451e-6
93.3	5.110768462828528e-6	5.937165255591703e-6	6.636491366111594e-6
93.39999999999999	5.089365529442454e-6	5.91245639812631e-6	6.609057997380082e-6
93.5	5.06807402124487e-6	5.887875217559491e-6	6.581765249165881e-6
93.6	5.046893246061419e-6	5.8634209276609464e-6	6.554612263558989e-6
93.69999999999999	5.025822516704874e-6	5.839092747808683e-6	6.527598188704531e-6
93.8	5.004861150934138e-6	5.814889902943483e-6	6.500722178754213e-6
93.89999999999999	4.984008471414147e-6	5.790811623524238e-6	6.473983393818622e-6
94.	4.963263805675387e-6	5.766857145483012e-6	6.447380999919308e-6
94.1	4.9426264860745885e-6	5.743025710181244e-6	6.420914168942013e-6
94.19999999999999	4.922095849755024e-6	5.719316564365653e-6	6.394582078589605e-6
94.3	4.901671238607852e-6	5.695728960125154e-6	6.368383912336089e-6
94.39999999999999	4.881351999233177e-6	5.672262154847629e-6	6.342318859380469e-6
94.5	4.861137482902056e-6	5.648915411177558e-6	6.31638611460146e-6
94.6	4.841027045518329e-6	5.625687996973601e-6	6.2905848785122414e-6
94.69999999999999	4.8210200475811625e-6	5.602579185266876e-6	6.264914357215864e-6
94.8	4.801115854147797e-6	5.579588254219501e-6	6.2393737623609735e-6
94.89999999999999	4.781313834796616e-6	5.556714487083479e-6	6.213962311097883e-6
95.	4.761613363590597e-6	5.533957172160002e-6	6.1886792260350955e-6
95.1	4.742013819040938e-6	5.511315602758968e-6	6.163523735196061e-6
95.19999999999999	4.722514584071389e-6	5.488789077159216e-6	6.138495071976652e-6
95.3	4.703115045982468e-6	5.466376898568702e-6	6.113592475102607e-6
95.39999999999999	4.683814596416183e-6	5.444078375085219e-6	6.0888151885875746e-6
95.5	4.6646126313212525e-6	5.421892819657588e-6	6.064162461691573e-6
95.6	4.645508550918232e-6	5.399819550046886e-6	6.039633548879592e-6
95.69999999999999	4.6265017596654035e-6	5.377857888788365e-6	6.015227709780821e-6
95.8	4.607591666224645e-6	5.356007163153459e-6	5.990944209148055e-6
95.89999999999999	4.588777683427687e-6	5.33426670511217e-6	5.966782316817459e-6
96.	4.570059228242845e-6	5.312635851295965e-6	5.94274130766886e-6
96.1	4.551435721741723e-6	5.2911139429607e-6	5.9188204615861125e-6
96.19999999999999	4.532906589066474e-6	5.26970032595008e-6	5.8950190634180045e-6
96.3	4.514471259397488e-6	5.248394350659617e-6	5.871336402939644e-6
96.39999999999999	4.496129165920667e-6	5.22719537200023e-6	5.847771774813585e-6
96.5	4.477879745796064e-6	5.206102749363135e-6	5.824324478552177e-6
96.6	4.459722440125717e-6	5.185115846584096e-6	5.800993818479359e-6
96.69999999999999	4.441656693922727e-6	5.164234031908817e-6	5.77777910369356e-6
96.8	4.423681956079732e-6	5.143456677957881e-6	5.7546796480302035e-6
96.89999999999999	4.4057976793383625e-6	5.122783161692592e-6	5.731694770025131e-6
97.	4.388003320258652e-6	5.102212864380866e-6	5.708823792878042e-6
97.1	4.37029833918871e-6	5.081745171563389e-6	5.686066044416283e-6
97.19999999999999	4.35268220023471e-6	5.061379473020129e-6	5.66342085705898e-6
97.3	4.335154371231239e-6	5.041115162737217e-6	5.640887567781537e-6
97.39999999999999	4.3177143237116065e-6	5.0209516388738525e-6	5.618465518080219e-6
97.5	4.300361532878972e-6	5.0008883037299834e-6	5.596154053937478e-6
97.6	4.2830954775770566e-6	4.980924563713686e-6	5.573952525787047e-6
97.69999999999999	4.265915640261588e-6	4.961059829309249e-6	5.551860288479701e-6
97.8	4.248821506971897e-6	4.941293515045432e-6	5.52987670124925e-6
97.89999999999999	4.231812567302533e-6	4.921625039463805e-6	5.508001127678619e-6
98.	4.214888314375532e-6	4.902053825087735e-6	5.4862329356665775e-6
98.1	4.198048244812652e-6	4.882579298391373e-6	5.464571497394489e-6
98.19999999999999	4.181291858707705e-6	4.863200889768781e-6	5.443016189293249e-6
98.3	4.164618659599612e-6	4.84391803350377e-6	5.421566392010892e-6
98.39999999999999	4.1480281544453515e-6	4.824730167739705e-6	5.400221490380228e-6
98.5	4.131519853593094e-6	4.805636734449464e-6	5.378980873386629e-6
98.6	4.115093270755697e-6	4.78663717940585e-6	5.357843934136301e-6
98.69999999999999	4.098747922984735e-6	4.767730952152486e-6	5.336810069825007e-6
98.8	4.082483330643952e-6	4.748917505974224e-6	5.315878681706394e-6
98.89999999999999	4.0662990173837894e-6	4.7301962978686124e-6	5.295049175061336e-6
99.	4.050194510115726e-6	4.711566788517216e-6	5.27432095916714e-6
99.1	4.0341693389868796e-6	4.693028442257205e-6	5.253693447267094e-6
99.19999999999999	4.018223037354714e-6	4.67458072705311e-6	5.233166056540139e-6
99.3	4.0023551417623955e-6	4.6562231144691955e-6	5.212738208071186e-6
99.39999999999999	3.986565191913835e-6	4.6379550796415755e-6	5.1924093268212245e-6
99.5	3.970852730649182e-6	4.6197761012508325e-6	5.1721788415978985e-6
99.6	3.955217303920766e-6	4.601685661495022e-6	5.152046185026514e-6
99.69999999999999	3.9396584607687275e-6	4.583683246062475e-6	5.132010793520856e-6
99.8	3.924175753297355e-6	4.56576834410528e-6	5.1120721072546785e-6
99.89999999999999	3.908768736651336e-6	4.547940448212715e-6	5.09222957013319e-6
100.	3.893436968992194e-6	4.530199054384894e-6	5.072482629764752e-6